"ID","Lote","Categoria","Titulo","Solucion propuesta","Logica de test","Criterio de aceptacion","Estado","Prioridad"
"1","L1 Backlog base","IT1 Vida propia","HUD de vida propia","Panel PlayerHealthView con barra y numero del soldado poseido","Leer el Text del panel y compararlo contra Health.Current y MaxHealth del poseido","El texto coincide exactamente con la vida real del poseido","HECHO","Alta"
"2","L1 Backlog base","IT1 Vida propia","Color por nivel de vida","Verde sobre 60 por ciento, amarillo entre 25 y 60, rojo bajo 25","Fijar la vida en 80, 50 y 10 y leer fill.color en cada caso","Los tres tramos devuelven tres colores distintos y esperados","HECHO","Alta"
"3","L1 Backlog base","IT1 Vida propia","Pulso en vida critica","Multiplicar el color por un seno de Time.unscaledTime cuando la fraccion es menor o igual a 0.25","Con vida bajo 25 por ciento muestrear fill.color en dos frames separados","El color varia entre muestras y con vida alta se mantiene fijo","HECHO","Media"
"4","L1 Backlog base","IT1 Vida propia","Ocultar en RTS y vehiculo","SetActive false en UpdateRts y UpdateInVehicle igual que la mirilla","Alternar modo y leer activeSelf del panel en FPS, RTS y dentro del vehiculo","Activo solo en FPS a pie","HECHO","Alta"
"5","L1 Backlog base","IT2 Estado de mision","Contador de enemigos vivos","MissionStatusView contando ActorRegistry.CountAlive del equipo enemigo","Matar N enemigos y comparar el contador contra el conteo real de vivos","El numero baja exactamente N","HECHO","Alta"
"6","L1 Backlog base","IT2 Estado de mision","Contador de escuadra viva","Mismo panel contando el equipo jugador","Matar un aliado y leer el contador","Baja de 3 a 2 y coincide con los vivos reales","HECHO","Alta"
"7","L1 Backlog base","IT2 Estado de mision","Visible en ambos modos","No enganchar su visibilidad al modo de camara","Alternar FPS y RTS leyendo activeSelf del panel","Permanece activo en los dos modos","HECHO","Alta"
"8","L1 Backlog base","IT2 Estado de mision","Actualizacion por evento","Suscribirse a EntityDiedEvent en vez de recalcular por frame","Instrumentar Refresh y contar llamadas durante 60 frames sin muertes","Cero recalculos sin muertes y uno por muerte","HECHO","Media"
"9","L1 Backlog base","IT3 Roster","Barra de vida por fila","Image de tipo Filled por fila alimentada desde el Health del soldado","Dañar un soldado y leer el fillAmount de su fila","fillAmount coincide con Current dividido MaxHealth","HECHO","Alta"
"10","L1 Backlog base","IT3 Roster","Fila gris al morir","Cambiar fondo y color de texto a gris y mostrar la palabra CAIDO","Matar un soldado y leer texto y colores de su fila","El texto contiene CAIDO y los colores son los de muerto","HECHO","Alta"
"11","L1 Backlog base","IT3 Roster","Marca del poseido","Prefijo grafico en la fila del soldado controlado","Poseer distintos soldados y leer el texto de cada fila","Solo la fila del poseido lleva la marca","HECHO","Alta"
"12","L1 Backlog base","IT3 Roster","Arma por fila","Mostrar WeaponHolder.CurrentWeaponKind en cada fila","Cambiar de arma y releer la fila","El arma mostrada coincide con la equipada","HECHO","Media"
"13","L1 Backlog base","IT4 Municion","Aviso sin municion","Texto central cuando CurrentAmmo llega a cero","Vaciar el cargador disparando y leer el aviso","El aviso aparece al llegar a cero y se va al recargar","HECHO","Alta"
"14","L1 Backlog base","IT4 Municion","Contador en rojo con poca municion","Teñir el texto cuando la razon de municion baja de 0.3","Fijar municion en 2 de 8 y leer el color del texto","Color rojo bajo el umbral y normal por encima","HECHO","Media"
"15","L1 Backlog base","IT4 Municion","Barra de recarga legible","Usar ReadinessFraction01 con color distinto durante la recarga","Disparar, forzar recarga y muestrear fill y color en varios instantes","La barra progresa de 0 a 1 durante la recarga","Pendiente","Media"
"16","L1 Backlog base","IT4 Municion","Recarga manual","Metodo Reload publico en WeaponHolder atado a una tecla","Con cargador parcial llamar Reload y verificar estado","IsReloading pasa a true y termina con el cargador lleno","HECHO","Alta"
"17","L1 Backlog base","IT5 Daño recibido","Indicador de direccion del daño","Marca en el borde segun el angulo entre atacante y frente del jugador","Publicar DamageTakenEvent desde tres posiciones y leer la rotacion del indicador","El angulo del indicador corresponde a la posicion del atacante","HECHO","Alta"
"18","L1 Backlog base","IT5 Daño recibido","Vignette mas fuerte con poca vida","Escalar el alfa pico de DamageVignetteView segun la vida restante","Recibir el mismo daño con vida alta y baja y comparar el alfa pico","El alfa es mayor con vida baja","HECHO","Media"
"19","L1 Backlog base","IT5 Daño recibido","Numero de daño flotante","Texto en mundo sobre el objetivo que sube y se desvanece","Aplicar daño conocido y leer el texto generado","El numero coincide con el daño aplicado y desaparece","HECHO","Media"
"20","L1 Backlog base","IT5 Daño recibido","Distinguir recibir de dar daño","Efecto y sonido separados segun seas TargetId o AttackerId","Generar los dos casos y verificar que se activan efectos distintos","Cada caso dispara su propio efecto sin solaparse","HECHO","Alta"
"21","L1 Backlog base","IT6 Minimapa","Leyenda de colores","Panel chico con el color de aliado, enemigo y vehiculo","Verificar que existe y que los colores coinciden con los de MinimapIcon","Los colores de la leyenda son los mismos que los iconos reales","HECHO","Baja"
"22","L1 Backlog base","IT6 Minimapa","Flecha de orientacion","Icono con forma direccional rotado segun el yaw del jugador","Rotar al jugador y leer la rotacion del icono","La rotacion del icono sigue la del jugador","HECHO","Media"
"23","L1 Backlog base","IT6 Minimapa","Iconos de enemigo distinguibles","Forma o tamaño distinto ademas del color","Comparar escala y color de iconos aliado y enemigo","Difieren en mas de un atributo","HECHO","Media"
"24","L1 Backlog base","IT6 Minimapa","Niebla simple","Ocultar iconos de enemigos fuera del rango de vision de la escuadra","Alejar un enemigo mas alla del rango y leer el estado de su icono","El icono se desactiva fuera de rango y vuelve al entrar","HECHO","Media"
"25","L1 Backlog base","IT7 Ordenes RTS","Marcador de destino","OrderMarkerFx ya existe, garantizar que sea visible y temporal","Dar una orden y verificar que el marcador aparece en el punto y expira","Aparece en la posicion ordenada y desaparece solo","HECHO","Alta"
"26","L1 Backlog base","IT7 Ordenes RTS","Linea al destino","LineRenderer del soldado a su punto ordenado mientras dure la orden","Dar orden y verificar que la linea existe y sus extremos son correctos","Los extremos coinciden con soldado y destino","HECHO","Media"
"27","L1 Backlog base","IT7 Ordenes RTS","Confirmacion en texto","Mensaje breve indicando que se dio la orden y a cuantos","Ordenar a dos soldados y leer el texto","El texto refleja la cantidad correcta","HECHO","Media"
"28","L1 Backlog base","IT7 Ordenes RTS","Cancelar ordenes","Comando que devuelve los seleccionados a Patrol o Idle","Dar orden, cancelar y leer AiBrain.State","El estado deja de ser MovingToOrder y el marcador se limpia","HECHO","Media"
"29","L1 Backlog base","IT8 Seleccion RTS","Contador de seleccionados visible","Mostrar el numero destacado y no dentro del texto de ayuda","Seleccionar dos y leer el contador","Coincide con Selection.Selected.Count","HECHO","Media"
"30","L1 Backlog base","IT8 Seleccion RTS","Seleccionar toda la escuadra","Atajo que selecciona todos los aliados vivos","Ejecutar el atajo y comparar contra los aliados vivos","Selecciona exactamente los vivos y ninguno muerto","HECHO","Alta"
"31","L1 Backlog base","IT8 Seleccion RTS","Seleccionar por rol","Doble click selecciona todos los del mismo RoleType visibles","Doble click en un Assault y leer los seleccionados","Todos los seleccionados comparten rol","HECHO","Baja"
"32","L1 Backlog base","IT8 Seleccion RTS","Anillo con color por vida","Teñir SelectionRingFx segun la fraccion de vida","Seleccionar un soldado herido y otro sano y comparar colores","Los colores difieren segun la vida","HECHO","Baja"
"33","L1 Backlog base","IT9 Transicion FPS RTS","Aviso del modo al cambiar","Texto breve al alternar que se desvanece solo","Alternar modo y verificar aparicion y expiracion del texto","Aparece al cambiar y se apaga solo","HECHO","Media"
"34","L1 Backlog base","IT9 Transicion FPS RTS","Lerp de camara al cambiar","Interpolar posicion y proyeccion en vez del corte seco actual","Alternar y verificar IsTransitioning inmediatamente despues","IsTransitioning es true durante la transicion","Pendiente","Alta"
"35","L1 Backlog base","IT9 Transicion FPS RTS","Recordar vista RTS","Guardar posicion y zoom al salir de RTS y restaurarlos al volver","Panear, ir a FPS, volver y comparar la posicion de camara","La vista vuelve al mismo punto y zoom","HECHO","Media"
"36","L1 Backlog base","IT9 Transicion FPS RTS","Instrucciones por modo","Texto contextual distinto y correcto en cada modo","Leer el texto en FPS, RTS y dentro del vehiculo","Cada modo muestra solo sus teclas validas","HECHO","Media"
"37","L1 Backlog base","IT10 Vehiculo","Aviso de asiento ocupado","Mensaje cuando se intenta ocupar un asiento tomado","Ocupar todos los asientos e intentar montar otro soldado","Aparece el aviso y Mount devuelve false","HECHO","Media"
"38","L1 Backlog base","IT10 Vehiculo","Vida del vehiculo visible adentro","Barra de vida del tanque en VehicleStatusView siempre visible","Dañar el vehiculo con el jugador dentro y leer la barra","La barra refleja la vida real del vehiculo","Pendiente","Alta"
"39","L1 Backlog base","IT10 Vehiculo","Velocidad legible","Mostrar CurrentSpeed con unidad y formato estable","Acelerar y leer el texto en varias velocidades","El valor sigue a CurrentSpeed sin parpadeo de formato","Pendiente","Media"
"40","L1 Backlog base","IT10 Vehiculo","Aviso al destruirse","Mensaje claro al pasar IsDestroyed a true","Destruir el vehiculo y verificar el aviso","Se muestra una sola vez al destruirse","HECHO","Alta"
"41","L1 Backlog base","IT11 Pantallas fin","Estadisticas en victoria y derrota","Acumular bajas y tiempo y mostrarlos en la pantalla final","Matar N enemigos, forzar victoria y leer las estadisticas","Las bajas mostradas coinciden con las reales","HECHO","Media"
"42","L1 Backlog base","IT11 Pantallas fin","Distinguir victoria de derrota","Paleta y titulo claramente distintos entre ambas","Abrir cada pantalla y comparar colores y textos","Difieren en color y texto principal","Pendiente","Media"
"43","L1 Backlog base","IT11 Pantallas fin","Foco por defecto en reintentar","Asignar el foco del EventSystem al abrir la pantalla","Abrir la pantalla y leer el objeto seleccionado del EventSystem","El seleccionado es el boton Reintentar","HECHO","Media"
"44","L1 Backlog base","IT11 Pantallas fin","Navegacion por teclado","Configurar Navigation entre los botones","Simular navegacion y verificar el cambio de foco","El foco se mueve entre los dos botones","HECHO","Media"
"45","L1 Backlog base","IT12 Pausa y config","Controles en el menu de pausa","Panel con el listado de teclas dentro de la pausa","Abrir pausa y verificar que el panel existe y no esta vacio","El panel muestra las teclas actuales","HECHO","Media"
"46","L1 Backlog base","IT12 Pausa y config","Persistir configuracion","Guardar volumen y sensibilidad en PlayerPrefs y releer al iniciar","Cambiar valores, recargar escena y leer los valores aplicados","Los valores se conservan tras recargar","HECHO","Alta"
"47","L1 Backlog base","IT12 Pausa y config","Volver al menu desde pausa","Boton que carga SC_MainMenu restaurando timeScale","Usar el boton y verificar escena activa y timeScale","Carga el menu y timeScale vuelve a 1","HECHO","Alta"
"48","L1 Backlog base","IT12 Pausa y config","Confirmar antes de salir","Dialogo de confirmacion previo a abandonar la partida","Pulsar salir y verificar que no cambia de escena hasta confirmar","Sin confirmar no hay cambio de escena","HECHO","Media"
"49","L1 Backlog base","IT13 Onboarding","Objetivo inicial","Cartel al empezar con la mision concreta","Iniciar partida y leer el cartel en los primeros segundos","Aparece al inicio y se retira solo","HECHO","Alta"
"50","L1 Backlog base","IT13 Onboarding","Recordatorio de cambio de modo","Sugerir el cambio a RTS las primeras veces y dejar de hacerlo luego","Iniciar y verificar que aparece, usarlo y verificar que deja de salir","Deja de mostrarse tras usarse","HECHO","Media"
"51","L1 Backlog base","IT13 Onboarding","Lista de controles bajo demanda","Panel con todos los atajos accesible con una tecla","Abrir y cerrar el panel y verificar su estado","Abre y cierra sin afectar el juego","HECHO","Media"
"52","L1 Backlog base","IT13 Onboarding","Resaltar la primera accion","Guiar la primera accion sugerida al empezar","Iniciar y verificar el resalte, ejecutarla y verificar que se apaga","Se apaga al completar la accion","Pendiente","Baja"
"53","L1 Backlog base","IT14 Legibilidad","Contorno en textos","Agregar Outline o Shadow a los textos del HUD","Verificar que los Text del HUD tienen el componente","Todos los textos criticos tienen contorno","HECHO","Media"
"54","L1 Backlog base","IT14 Legibilidad","Tamaños consistentes","Unificar fontSize por jerarquia de informacion","Listar fontSize de todos los Text del canvas","Los tamaños caen en un conjunto reducido y coherente","Pendiente","Baja"
"55","L1 Backlog base","IT14 Legibilidad","Evitar solapamiento","Verificar que ningun par de paneles activos se superponga","Calcular los rects de los paneles activos y buscar intersecciones","Cero intersecciones entre paneles simultaneos","HECHO","Alta"
"56","L1 Backlog base","IT14 Legibilidad","Margenes consistentes","Unificar la separacion al borde de pantalla","Leer anchoredPosition de los paneles anclados a bordes","Los margenes son iguales por borde","HECHO","Baja"
"57","L1 Backlog base","IT15 Feedback disparo","Retroceso del viewmodel","Desplazar el cubo del arma hacia atras y devolverlo por lerp","Guardar localPosition, disparar y muestrear en varios frames","Se desplaza y vuelve a la posicion original","HECHO","Alta"
"58","L1 Backlog base","IT15 Feedback disparo","Fogonazo en la boca","Destello breve en el Muzzle al disparar","Disparar y verificar que el efecto se activa y se apaga","Dura pocos frames y se apaga solo","HECHO","Alta"
"59","L1 Backlog base","IT15 Feedback disparo","Marcador de impacto en el mundo","ImpactFx en el punto de choque del proyectil","Disparar a una superficie y verificar el efecto en la posicion","Aparece en el punto correcto de impacto","HECHO","Alta"
"60","L1 Backlog base","IT15 Feedback disparo","Confirmacion de baja distinta","Señal separada para matar respecto de solo impactar","Herir y luego matar comparando los efectos disparados","Los dos casos producen efectos distintos","HECHO","Alta"
"61","L1 Backlog base","IT16 Escuadra","Aviso de aliado bajo ataque","Notificar al recibir DamageTakenEvent de un aliado no poseido","Dañar a un aliado y verificar el aviso","Aparece con el nombre del aliado correcto","HECHO","Media"
"62","L1 Backlog base","IT16 Escuadra","Aviso de aliado con poca vida","Alerta al cruzar un umbral bajo de vida","Bajar la vida de un aliado por debajo del umbral","Se avisa una sola vez al cruzar el umbral","HECHO","Media"
"63","L1 Backlog base","IT16 Escuadra","Indicador de aliados fuera de pantalla","Marca en el borde apuntando a aliados no visibles","Alejar un aliado del encuadre y leer la marca","La marca aparece y apunta en la direccion correcta","Pendiente","Media"
"64","L1 Backlog base","IT16 Escuadra","Resaltar el aliado poseible mas cercano","Destacar el candidato de posesion mas proximo","Acercarse a un aliado y verificar el resalte","Solo el mas cercano queda resaltado","HECHO","Baja"
"65","L1 Backlog base","IT17 Enemigos","Vida del enemigo al apuntar","Mostrar la vida en el panel de info al apuntarle","Apuntar a un enemigo herido y leer el panel","El valor coincide con su vida real","Pendiente","Alta"
"66","L1 Backlog base","IT17 Enemigos","Indicador de enemigo que te dispara","Marca de amenaza para atacantes fuera de pantalla","Hacer que un enemigo fuera de camara dispare al jugador","La marca aparece en la direccion del atacante","Pendiente","Alta"
"67","L1 Backlog base","IT17 Enemigos","Distinguir alerta de desprevenido","Reflejar el AiState del enemigo con una señal visual","Forzar el cambio de estado y leer la señal","La señal cambia con el estado","HECHO","Media"
"68","L1 Backlog base","IT17 Enemigos","Marcar el enemigo objetivo","Resaltar a quien esta apuntando el arma actual","Apuntar y verificar el resalte sobre el objetivo","Solo el objetivo bajo la mira queda marcado","Pendiente","Media"
"69","L1 Backlog base","IT18 Camara","Limites de paneo en RTS","Restringir la posicion de camara a los limites del mapa","Panear al extremo y leer la posicion final","Se detiene dentro de los limites definidos","HECHO","Alta"
"70","L1 Backlog base","IT18 Camara","Recentrar en la escuadra","Comando que centra la vista en el centroide de la escuadra","Panear lejos, ejecutar y comparar contra el centroide","La camara queda sobre el centroide","HECHO","Alta"
"71","L1 Backlog base","IT18 Camara","Zoom con limites claros","Clamp de orthographicSize con feedback al llegar al tope","Hacer zoom mas alla del tope y leer el valor","Se detiene en el limite sin pasarse","HECHO","Media"
"72","L1 Backlog base","IT18 Camara","Suavizado del paneo","Interpolar el paneo en vez de sumar directo a la posicion","Panear un frame y muestrear la posicion en los siguientes","La posicion converge suavemente al destino","HECHO","Media"
"73","L1 Backlog base","IT19 Accesibilidad","Sensibilidad separada por modo","Dos valores independientes para FPS y para RTS","Cambiar uno y verificar que el otro no se altera","Los dos valores son independientes","HECHO","Media"
"74","L1 Backlog base","IT19 Accesibilidad","Tamaño de HUD ajustable","Escalar el CanvasScaler desde configuracion","Cambiar la opcion y leer la escala del canvas","La escala cambia y persiste","HECHO","Media"
"75","L1 Backlog base","IT19 Accesibilidad","Invertir eje Y","Opcion que invierte el signo del pitch","Activar y comparar el signo del cambio de pitch","El pitch se mueve en sentido contrario","HECHO","Media"
"76","L1 Backlog base","IT19 Accesibilidad","Mirilla configurable","Permitir cambiar color y tamaño de la mirilla","Cambiar las opciones y leer color y sizeDelta","Los valores aplicados coinciden con lo elegido","HECHO","Baja"
"77","L1 Backlog base","IT20 Pulido","Textos en español consistente","Revisar tildes y terminologia unificada en todo el HUD","Volcar todos los textos del canvas y revisarlos","Sin faltas ni terminos duplicados para el mismo concepto","HECHO","Media"
"78","L1 Backlog base","IT20 Pulido","Sin estados de UI colgados","Recorrer todos los flujos verificando que nada queda visible de mas","Ejecutar el flujo completo y auditar activeSelf al final de cada paso","Ningun panel queda activo fuera de su contexto","HECHO","Alta"
"79","L1 Backlog base","IT20 Pulido","Regresion completa","Flujo menu partida pausa fin reintentar validado con clicks reales","Ejecutar el recorrido con EventSystem.RaycastAll y ExecuteEvents","El recorrido completo funciona sin intervencion manual","HECHO","Alta"
"80","L1 Backlog base","IT20 Pulido","Suite automatizada en verde","HeadlessTestRunner.RunAll sin errores","Limpiar consola, correr la suite y contar errores","Cero errores y mensaje de exito final","HECHO","Alta"
"81","L1 Backlog base","Bug de fondo","Victoria con enemigos vivos","BattleManager miraba solo la sublista de patrulla en vez de todos los enemigos","Matar solo los de la sublista y verificar que no hay victoria con otros vivos","La victoria solo salta con cero enemigos vivos reales","HECHO","Alta"
"82","L1 Backlog base","Bug de fondo","Soldado inactivo sin registrar","Awake no corre en inactivos, agregado EnsureAllRegistered con barrido incluyendo inactivos","Desactivar un soldado antes de cargar y verificar que aparece en el registro","Todos los soldados de la escena estan registrados","HECHO","Alta"
"83","L1 Backlog base","Bug de fondo","Soldado montado fuera del conteo","El montado se desactiva, el conteo ahora lo incluye igual","Montar un soldado y leer el contador de escuadra","El contador no baja al montar","HECHO","Alta"
"84","L1 Backlog base","Bug de fondo","Roster no se actualizaba en Play","La lista rows no sobrevive al domain reload, agregado auto sanado desde la jerarquia","Entrar en Play y verificar que las filas reflejan datos vivos","Las filas se actualizan en Play mode","HECHO","Alta"
"85","L1 Backlog base","Bug de fondo","Poseido inicial sin marcar","PossessionChangedEvent solo se publica al cambiar, ahora se lee del PlayerBrain","Iniciar partida y leer la marca del roster sin cambiar de soldado","El poseido inicial aparece marcado","HECHO","Alta"
"86","L2 Sensacion","Disparo","Retroceso de camara","Aplicar pitch corto en CameraRig que vuelve por lerp, con fuerza por WeaponKind","Guardar el pitch, disparar y muestrear en varios frames","El pitch sube al disparar y vuelve a cero en menos de 0.3 segundos","HECHO","Alta"
"87","L2 Sensacion","Disparo","Dispersion visible de la mirilla","Abrir la mirilla al disparar y moverse y cerrarla al quedarse quieto","Leer sizeDelta de la mirilla tras cinco disparos y tras dos segundos quieto","El tamaño crece al disparar y vuelve al minimo en reposo","HECHO","Alta"
"88","L2 Sensacion","Disparo","Audio distinto por arma","Generar frecuencia y decay por WeaponKind en GenericSfx en vez de un solo tono","Pedir el clip de cada arma y comparar longitud y frecuencia","Cada arma devuelve un clip distinto","HECHO","Media"
"89","L2 Sensacion","Disparo","Sonido de gatillo vacio","Clic seco cuando se dispara con CurrentAmmo en cero","Vaciar el cargador, disparar y verificar el clip reproducido","TryFire devuelve false y suena un clip distinto al de disparo","HECHO","Media"
"90","L2 Sensacion","Disparo","Cadencia sostenida","Usar isPressed en vez de wasPressedThisFrame para armas automaticas","Mantener el boton un segundo y contar proyectiles creados","La cantidad coincide con el segundo dividido el fireCooldown","HECHO","Alta"
"91","L2 Sensacion","Disparo","Hitmarker direccional","Cuatro lineas en X que aparecen solo al impactar a un enemigo","Publicar DamageTakenEvent con AttackerId propio y leer el estado del hitmarker","Se activa al impactar y se apaga a los 0.2 segundos","HECHO","Alta"
"92","L2 Sensacion","Disparo","Confirmacion sonora de baja","Tono agudo extra cuando el disparo propio mata y no solo impacta","Matar un enemigo con AttackerId propio y verificar los clips reproducidos","Suena el clip de muerte mas el tono de confirmacion","HECHO","Alta"
"93","L2 Sensacion","Disparo","Trazadora del proyectil","Estirar el proyectil en su eje de avance para leer la trayectoria","Comparar localScale.z del proyectil en vuelo contra el reposo","La escala en vuelo es mayor que en reposo","HECHO","Media"
"94","L2 Sensacion","Disparo","Impacto segun material","Color y particula distinta por EnvironmentHitKind","Disparar a suelo, obstaculo y vehiculo y comparar los efectos","Los tres casos generan efectos distintos","Pendiente","Media"
"95","L2 Sensacion","Disparo","Reaccion del cuerpo al daño","Empujon visual corto al soldado golpeado, legible desde RTS","Guardar rotacion, aplicar daño y muestrear en frames siguientes","Se desvia y vuelve a la rotacion original","Pendiente","Media"
"96","L2 Sensacion","Disparo","Aviso central de recarga","Texto breve bajo la mirilla mientras IsReloading","Forzar recarga y leer el estado del texto durante y despues","Visible durante la recarga y apagado al terminar","Pendiente","Media"
"97","L2 Sensacion","Vehiculo","Inercia de camara","Desplazar el ancla de camara segun CurrentSpeed para dar peso","Comparar el offset de camara a velocidad cero y a maxima","El offset difiere entre ambos estados","HECHO","Alta"
"98","L2 Sensacion","Vehiculo","Sacudida al andar","Vibracion proporcional a CurrentSpeed para que no se sienta flotante","Muestrear la posicion de camara treinta frames en movimiento","La varianza es mayor que cero y crece con la velocidad","HECHO","Alta"
"99","L2 Sensacion","Vehiculo","Sonido de motor por velocidad","Tono continuo cuyo pitch sigue la razon entre velocidad actual y maxima","Leer AudioSource.pitch a distintas velocidades","El pitch sube con la velocidad","HECHO","Alta"
"100","L2 Sensacion","Vehiculo","Marcha atras distinguible","Indicador y sonido mas grave cuando CurrentSpeed es negativo","Aplicar throttle negativo y leer el indicador","El indicador aparece solo con velocidad negativa","HECHO","Media"
"101","L2 Sensacion","Vehiculo","Feedback de frenado","Señal visual al llamar Brake, hoy no comunica nada","Llamar Brake y verificar el estado del indicador","El indicador se activa mientras se frena","HECHO","Media"
"102","L2 Sensacion","Vehiculo","Aviso de colision","Sacudida y sonido al chocar, hoy el tanque atraviesa sin avisar","Mover el vehiculo contra un obstaculo y verificar el evento","Se dispara el evento y el efecto de choque","HECHO","Media"
"103","L2 Sensacion","Vehiculo","Entrada al vehiculo mas legible","Fundido breve y texto que tapa el salto de camara","Montar y verificar duracion de la transicion y del texto","La transicion dura lo declarado y el texto se apaga solo","HECHO","Media"
"104","L2 Sensacion","Vehiculo","Bajar del lado correcto","Ubicar al soldado al costado del chasis segun su asiento","Montar cuatro soldados, desmontar y comparar posiciones","Cuatro posiciones distintas y ninguna dentro del chasis","HECHO","Alta"
"105","L2 Sensacion","Vehiculo","Indicador de asiento propio","Mostrar de forma permanente si sos conductor, artillero o pasajero","Cambiar de asiento con SwitchSeat y leer el indicador","El indicador cambia con el asiento","HECHO","Media"
"106","L2 Sensacion","Vehiculo","Cambio de asiento con transicion","SwitchSeat hoy teletransporta la camara, hacerlo con lerp corto","Cambiar de asiento y leer IsTransitioning inmediatamente despues","IsTransitioning es true tras el cambio","HECHO","Media"
"107","L2 Sensacion","Vehiculo","Daño de vehiculo distinto al personal","Viñeta y sacudida propias del tanque en vez de la de soldado","Dañar el vehiculo con el jugador dentro y verificar el efecto usado","Se usa el efecto de vehiculo y no el de soldado","HECHO","Media"
"108","L2 Sensacion","Vehiculo","Humo progresivo por vida","Señal visual continua de que el tanque esta por reventar","Bajar la vida por tramos y leer la intensidad del efecto","La intensidad sube al bajar la vida","HECHO","Media"
"109","L2 Sensacion","Torreta","Reticulo propio de torreta","Distinto al de infanteria, con estado de alineado usando IsAimedAt","Apuntar lejos y cerca del blanco y leer el estado del reticulo","Muestra dos estados segun IsAimedAt","HECHO","Alta"
"110","L2 Sensacion","Torreta","Mostrar el giro pendiente","Marca que indica hacia donde va a llegar el cañon mientras rota lento","Pedir un angulo lejano y comparar marca objetivo contra cañon","Difieren durante la rotacion y coinciden al terminar","HECHO","Media"
"111","L2 Sensacion","Torreta","Cooldown de torreta visible","Barra circular con el fireCooldown de medio segundo","Disparar y muestrear el llenado a 0.1 y 0.6 segundos","El llenado progresa de cero a uno en el tiempo del cooldown","HECHO","Media"
"112","L2 Sensacion","Torreta","Previsualizacion del radio de explosion","Circulo en el suelo con el explosionRadius real","Comparar el radio dibujado contra el campo del TurretWeapon","Coinciden exactamente","HECHO","Alta"
"113","L2 Sensacion","Torreta","Retroceso y fogonazo del cañon","El cañon se hunde y vuelve al disparar, es el disparo mas potente","Medir localPosition.z antes, durante y despues del disparo","Se hunde y vuelve al valor original","HECHO","Alta"
"114","L2 Sensacion","Torreta","Aviso de que la IA tomo la torreta","Al bajar de artillero TurretAI retoma control sin avisar","Desmontar al artillero y verificar el aviso y la actividad de TurretAI","Aparece el aviso y TurretAI vuelve a actuar","HECHO","Media"
"115","L2 Sensacion","Ordenes","Cola de ordenes","Encolar varios destinos en vez de reemplazar la orden","Dar tres ordenes encoladas y leer los puntos guardados en AiBrain","Guarda tres puntos y los recorre en orden","HECHO","Alta"
"116","L2 Sensacion","Ordenes","Marcadores numerados","Numerar los marcadores al encolar para leer la secuencia","Encolar tres ordenes y leer los textos de los marcadores","Los marcadores muestran uno, dos y tres","HECHO","Media"
"117","L2 Sensacion","Ordenes","Formacion al mover el grupo","IssueMoveOrderForSelection manda a todos al mismo punto y se amontonan","Ordenar mover tres soldados y comparar sus destinos","Tres destinos distintos con separacion minima","HECHO","Alta"
"118","L2 Sensacion","Ordenes","Previsualizacion de formacion","Mostrar los destinos mientras se mantiene el boton","Simular boton mantenido y leer los marcadores fantasma","Aparecen antes de soltar y se confirman al soltar","HECHO","Media"
"119","L2 Sensacion","Ordenes","Orden de ataque con click derecho","IssueAttackOrder existe pero no esta cableada al click en RTS","Click derecho sobre enemigo y leer AiBrain.State","El estado pasa a MovingToAttackOrder","HECHO","Alta"
"120","L2 Sensacion","Ordenes","Estado de cada soldado en RTS","AiStateChangedEvent ya se publica pero no se muestra","Forzar cambios de estado y leer el texto sobre el soldado","El texto refleja el estado actual","HECHO","Media"
"121","L2 Sensacion","Ordenes","Cancelar ordenes de la seleccion","Tecla que devuelve los seleccionados a Patrol o Idle","Dar orden, cancelar y leer estado y marcadores","El estado vuelve y el marcador desaparece","HECHO","Media"
"122","L2 Sensacion","Ordenes","Sonido de orden una vez por lote","IssueMoveOrder suena por soldado, con tres seleccionados suenan tres veces","Ordenar a tres y contar reproducciones del clip de orden","Se reproduce exactamente una vez","HECHO","Alta"
"123","L2 Sensacion","Ordenes","Confirmacion por soldado","Destello en el anillo de cada soldado que recibio la orden","Ordenar a tres y verificar el destello en los tres anillos","Los tres anillos destellan","HECHO","Media"
"124","L2 Sensacion","Ordenes","Grupos de control","Guardar seleccion con modificador y recuperarla con la tecla numerica","Guardar, cambiar seleccion, recuperar y comparar los IDs","Los IDs recuperados son los guardados","HECHO","Alta"
"125","L2 Sensacion","Ordenes","Centrar camara en el grupo","Recuperar el grupo dos veces seguidas centra la vista en el","Medir la posicion de camara antes y despues de la segunda pulsacion","La camara queda sobre el centroide del grupo","HECHO","Media"
"126","L2 Sensacion","Ordenes","Feedback de orden invalida","Ordenar sobre obstaculo o vehiculo destruido no avisa nada","Ordenar sobre un obstaculo y verificar el mensaje de rechazo","Aparece el aviso y no se emite la orden","HECHO","Media"
"127","L2 Sensacion","Posesion","Transicion al poseer","PossessSquadIndex salta seco, usar BeginTransition como hace la muerte","Poseer y leer IsTransitioning inmediatamente despues","IsTransitioning es true tras poseer","HECHO","Alta"
"128","L2 Sensacion","Posesion","Aviso de a quien pasaste","Texto breve con el nombre del nuevo soldado controlado","Poseer y leer el texto y su expiracion","Muestra el nombre correcto y se apaga solo","HECHO","Media"
"129","L2 Sensacion","Posesion","Bloquear posesion de un caido con motivo","Ya se rechaza pero conviene explicar el motivo","Matar un soldado, intentar poseerlo y leer el mensaje","Aparece el mensaje y no cambia el poseido","HECHO","Media"
"130","L2 Sensacion","Posesion","Poseer al mas cercano","Tecla que posee el aliado vivo mas proximo","Ejecutar y comparar contra el de menor distancia","Se posee el mas cercano vivo","HECHO","Media"
"131","L2 Sensacion","Posesion","Ciclar entre vivos","Tecla que rota en orden saltando los muertos","Con uno de tres muerto, ciclar tres veces y registrar los poseidos","Nunca cae en el muerto","HECHO","Alta"
"132","L2 Sensacion","Posesion","Conservar orientacion al cambiar","Arrancar mirando hacia donde miraba ese soldado y no heredar el pitch","Poseer y comparar el pitch de camara contra el del soldado","El pitch corresponde al soldado nuevo","HECHO","Media"
"133","L2 Sensacion","Posesion","Marcador del poseido en el mundo","Marca sobre su cabeza visible en RTS, el roster ya lo marca","Cambiar de poseido y verificar que la marca lo sigue","La marca esta siempre sobre el poseido actual","HECHO","Media"
"134","L2 Sensacion","Posesion","Aviso de devolucion a la IA","Al cambiar de soldado el anterior se reactiva sin decir nada","Cambiar y verificar el aviso y el flag IsPossessedByPlayer","Aparece el aviso y el flag queda en false","HECHO","Media"
"135","L2 Sensacion","Posesion","Vista previa antes de poseer","Al apuntar a un aliado mostrar tambien su estado de IA","Apuntar a un aliado en combate y leer el panel","El panel incluye el estado de IA","HECHO","Media"
"136","L3 Feedback y escala","Destruccion","Obstaculos destructibles por etapas","Dar vida a ObstacleMarker con mallas mas dañadas y colapso final","Aplicar daño por tramos y leer el estado visual en cada umbral","Cambia de etapa en cada umbral y colapsa al morir","HECHO","Alta"
"137","L3 Feedback y escala","Destruccion","Pool de escombros compartido","DebrisPool global con presupuesto fijo que recicla los mas viejos","Generar mas escombros que el presupuesto y contar objetos activos","Nunca supera el tope y no hay Instantiate en combate","HECHO","Alta"
"138","L3 Feedback y escala","Destruccion","Escombros con vida corta","Se hunden y se apagan a los cuatro segundos para no acumularse","Generar escombros y contar los activos tras cinco segundos","Los escombros expiran y vuelven al pool","HECHO","Media"
"139","L3 Feedback y escala","Destruccion","Crateres decal en el suelo","Anillo proyectado donde explota, con cupo maximo y reciclado","Generar mas crateres que el cupo y contar los activos","Se mantiene en el cupo reciclando los mas viejos","HECHO","Media"
"140","L3 Feedback y escala","Destruccion","Escala del efecto segun daño","Un impacto pesado deja crater y polvo mayores que uno liviano","Impactar con dos armas distintas y comparar el tamaño del efecto","El tamaño escala con el daño del proyectil","HECHO","Media"
"141","L3 Feedback y escala","Destruccion","Onda expansiva visible","Anillo que se expande y desvanece en el explosionRadius real","Comparar el radio final del anillo contra el campo del arma","Coinciden exactamente","HECHO","Alta"
"142","L3 Feedback y escala","Destruccion","Empuje de cuerpos por explosion","Los soldados dentro del radio salen despedidos segun la distancia","Explotar cerca de dos soldados a distinta distancia y medir desplazamiento","El mas cercano se desplaza mas","HECHO","Media"
"143","L3 Feedback y escala","Destruccion","Polvo persistente en la zona","Nube breve que oscurece la vision donde cayo el obus","Explotar y verificar que el efecto existe y expira","Aparece en el punto y se disipa solo","HECHO","Baja"
"144","L3 Feedback y escala","Destruccion","Marcas de bala acumulables","Decals chicos con cupo por superficie","Disparar muchas veces a una superficie y contar decals","No supera el cupo por superficie","HECHO","Baja"
"145","L3 Feedback y escala","Destruccion","Props que reaccionan al tanque","Objetos livianos que se voltean al pasar el vehiculo","Pasar el tanque sobre un prop y leer su rotacion","El prop cambia de rotacion al ser atropellado","HECHO","Baja"
"146","L3 Feedback y escala","Destruccion","Chispas al rebotar en blindaje","Impacto contra vehiculo genera chispas metalicas distintas del polvo","Disparar a vehiculo y a suelo y comparar los efectos","Los efectos son distintos","HECHO","Media"
"147","L3 Feedback y escala","Destruccion","Destruccion del vehiculo en dos etapas","Primero humo y torreta muerta, despues explosion final","Bajar la vida del vehiculo por tramos y leer el estado","Pasa por las dos etapas en orden","HECHO","Alta"
"148","L3 Feedback y escala","Destruccion","Torreta que sale volando","Desprender el cañon como pieza suelta al destruirse el tanque","Destruir el vehiculo y verificar que la torreta se separo","La torreta queda como objeto independiente","HECHO","Media"
"149","L3 Feedback y escala","Destruccion","Casco quemado como cobertura","El vehiculo destruido persiste y sirve de parapeto","Destruir el vehiculo y verificar que el collider sigue activo","Los proyectiles siguen impactando en el casco","HECHO","Media"
"150","L3 Feedback y escala","Tanque","Doble capa de sonido en el cañon","Golpe grave de cuerpo mas crack agudo en vez del tono unico actual","Disparar y verificar que se reproducen dos clips distintos","Suenan las dos capas juntas","HECHO","Alta"
"151","L3 Feedback y escala","Tanque","Sacudida de camara con direccion","El culatazo empuja la camara en el eje opuesto al disparo","Disparar en dos orientaciones y comparar la direccion del desplazamiento","La direccion es opuesta al disparo en ambos casos","HECHO","Alta"
"152","L3 Feedback y escala","Tanque","Fogonazo con luz real","Light puntual de uno o dos frames que ilumina el entorno","Disparar y muestrear la intensidad de la luz en frames consecutivos","Se enciende y se apaga en pocos frames","HECHO","Alta"
"153","L3 Feedback y escala","Tanque","Anillo de polvo en la boca","Desplazar el polvo del suelo en cono al disparar cerca del piso","Disparar cerca y lejos del suelo y comparar el efecto","Solo aparece cerca del suelo","HECHO","Media"
"154","L3 Feedback y escala","Tanque","Zoom de mira del artillero","Reducir el FOV con viñeta de periscopio al apuntar","Activar la mira y leer el FOV de la camara","El FOV baja al valor de mira y vuelve al soltar","HECHO","Alta"
"155","L3 Feedback y escala","Tanque","Balistica visible con caida","El obus describe un arco perceptible en vez de linea recta","Registrar la altura del proyectil en varios instantes","La altura describe una parabola","HECHO","Media"
"156","L3 Feedback y escala","Tanque","Marca de impacto previsto","Punto que muestra donde va a caer segun la balistica","Disparar al punto previsto y comparar el impacto real","El impacto cae dentro de una tolerancia del punto previsto","HECHO","Alta"
"157","L3 Feedback y escala","Tanque","Sonido de mecanismo al recargar","Clac audible al terminar la recarga para no mirar el HUD","Forzar recarga y verificar el clip al completarse","Suena exactamente al terminar la recarga","HECHO","Media"
"158","L3 Feedback y escala","Tanque","Sobrecalentamiento del cañon","Disparar seguido baja la cadencia y enrojece el metal","Disparar en rafaga y medir el cooldown efectivo y el color","El cooldown sube y el color cambia con el calor","HECHO","Media"
"159","L3 Feedback y escala","Tanque","Camara de seguimiento del proyectil","Tecla opcional que sigue al obus unos instantes","Activar y verificar que la camara sigue al proyectil","La camara acompaña al proyectil y vuelve al terminar","HECHO","Baja"
"160","L3 Feedback y escala","Tanque","Tipos de municion","Alternar entre explosiva y perforante con reticulo e impacto distintos","Alternar y comparar reticulo, daño y efecto de impacto","Los dos tipos difieren en los tres aspectos","HECHO","Media"
"161","L3 Feedback y escala","Tanque","Vibracion del chasis al disparar","Todo el vehiculo se sacude para que se lea desde afuera","Disparar y muestrear la posicion del chasis en frames siguientes","El chasis se desplaza y vuelve","HECHO","Media"
"162","L3 Feedback y escala","Impacto enemigo","Hitmarker en capas","Distinto para impacto normal, critico y muerte en forma, color y sonido","Generar los tres casos y comparar los efectos","Los tres casos producen señales distintas","Pendiente","Alta"
"163","L3 Feedback y escala","Impacto enemigo","Numeros de daño agregados","Acumular en un solo numero creciente si se pega rapido","Aplicar tres daños seguidos y contar los textos generados","Se genera un solo texto con la suma","Pendiente","Alta"
"164","L3 Feedback y escala","Impacto enemigo","Destello blanco en el cuerpo golpeado","Flash de material de una decima de segundo, la señal mas rapida","Aplicar daño y muestrear el color del material en frames siguientes","Se ilumina y vuelve al color original","Pendiente","Alta"
"165","L3 Feedback y escala","Impacto enemigo","Barra de vida flotante solo al dañar","Aparece sobre el enemigo golpeado y se oculta a los tres segundos","Dañar un enemigo y leer el estado de su barra en el tiempo","Aparece al dañar y se oculta sola","Pendiente","Alta"
"166","L3 Feedback y escala","Impacto enemigo","Muerte con ragdoll simple","Caida con rotacion en vez de desaparecer","Matar un enemigo y muestrear su rotacion en frames siguientes","La rotacion cambia durante la caida","Pendiente","Media"
"167","L3 Feedback y escala","Impacto enemigo","Silueta de muerte","Destello del contorno al morir, legible en pantalla llena","Matar un enemigo y verificar el efecto de contorno","El contorno destella y se apaga","Pendiente","Media"
"168","L3 Feedback y escala","Impacto enemigo","Escalado del kill feed","Agrupar en una linea cuando hay muchas bajas seguidas","Matar cinco enemigos casi a la vez y contar lineas del feed","Se agrupan en vez de apilar cinco lineas","Pendiente","Alta"
"169","L3 Feedback y escala","Impacto enemigo","Racha de bajas","Contador de bajas seguidas con sonido ascendente que se corta al recibir daño","Matar tres seguidos, recibir daño y leer el contador","El contador sube y se reinicia al recibir daño","Pendiente","Media"
"170","L3 Feedback y escala","Impacto enemigo","Camara lenta en la ultima baja","Instante de camara lenta al matar al ultimo enemigo","Matar al ultimo y leer Time.timeScale en los frames siguientes","timeScale baja y vuelve a uno","Pendiente","Media"
"171","L3 Feedback y escala","Impacto enemigo","Distinguir bajas propias de aliadas","Diferenciar en el feed quien hizo la baja","Matar uno y hacer que un aliado mate otro y comparar el feed","Las dos lineas se distinguen","Pendiente","Media"
"172","L3 Feedback y escala","Impacto enemigo","Aviso de enemigo por morir","Contorno que parpadea bajo cierto porcentaje de vida","Bajar la vida de un enemigo bajo el umbral y leer el efecto","El parpadeo aparece solo bajo el umbral","Pendiente","Media"
"173","L3 Feedback y escala","Impacto enemigo","Reaccion sonora del enemigo","Sonido al ser herido distinto al de muerte","Herir y matar y comparar los clips reproducidos","Los dos casos usan clips distintos","Pendiente","Media"
"174","L3 Feedback y escala","Impacto enemigo","Marcar al enemigo que te mato","En la camara de muerte resaltar quien fue","Morir por un enemigo conocido y verificar el resalte","El resalte cae sobre el atacante correcto","Pendiente","Media"
"175","L3 Feedback y escala","Impacto enemigo","Aviso de bajas fuera de pantalla","Indicador en el borde cuando cae alguien no visible","Matar un enemigo fuera de camara y leer el indicador","Aparece en la direccion correcta","Pendiente","Media"
"176","L3 Feedback y escala","Efectos de pantalla","Aberracion cromatica por daño","Escala con lo cerca que se este de morir","Recibir daño con vida alta y baja y comparar la intensidad","La intensidad es mayor con vida baja","Pendiente","Media"
"177","L3 Feedback y escala","Efectos de pantalla","Latido con poca vida","Pulso rojo sincronizado con un sonido de corazon","Bajar la vida al minimo y muestrear el efecto en el tiempo","El pulso es periodico y se detiene al curarse","Pendiente","Media"
"178","L3 Feedback y escala","Efectos de pantalla","Desenfoque de movimiento en el tanque","Solo a alta velocidad para reforzar el peso","Comparar el efecto a velocidad baja y alta","Solo se activa sobre el umbral de velocidad","Pendiente","Baja"
"179","L3 Feedback y escala","Efectos de pantalla","Sacudida por explosion cercana","Amplitud segun distancia con un tope para no marear","Explotar a dos distancias y comparar la amplitud","La amplitud decae con la distancia y respeta el tope","Pendiente","Alta"
"180","L3 Feedback y escala","Efectos de pantalla","Presupuesto unico de sacudida","Un solo sistema que suma y limita todas las fuentes","Disparar diez fuentes simultaneas y medir la amplitud total","Nunca supera el tope definido","Pendiente","Alta"
"181","L3 Feedback y escala","Efectos de pantalla","Destello y sordera por explosion muy cercana","Pantalla blanca breve mas audio filtrado","Explotar muy cerca y verificar los dos efectos","Se activan juntos y se recuperan solos","Pendiente","Media"
"182","L3 Feedback y escala","Efectos de pantalla","Viñeta de velocidad","Se cierra al acelerar el vehiculo","Acelerar y comparar la viñeta a velocidad cero y maxima","La viñeta se cierra con la velocidad","Pendiente","Baja"
"183","L3 Feedback y escala","Efectos de pantalla","Balanceo al caminar","Vaiven sutil en FPS, hoy el movimiento es plano","Caminar y muestrear la posicion de camara","Hay oscilacion periodica al moverse y no al estar quieto","Pendiente","Media"
"184","L3 Feedback y escala","Efectos de pantalla","Desenfoque en la transicion de modo","Flash corto que tapa el cambio de proyeccion","Alternar modo y verificar el efecto durante la transicion","El efecto cubre el cambio y se apaga","Pendiente","Media"
"185","L3 Feedback y escala","Efectos de pantalla","Interruptor de efectos de camara","Opcion para desactivar todos por accesibilidad y rendimiento","Desactivar y verificar que ningun efecto se aplica","Con la opcion apagada no hay sacudida ni viñetas","Pendiente","Alta"
"186","L3 Feedback y escala","Audio","Mezclador con canales separados","Maestro, efectos, interfaz y ambiente como grupos independientes","Cambiar el volumen de un grupo y verificar que los otros no se alteran","Los grupos son independientes","Pendiente","Alta"
"187","L3 Feedback y escala","Audio","Atenuacion por distancia","Los disparos lejanos se oyen mas suaves y mas graves","Reproducir el mismo disparo a dos distancias y comparar volumen","El volumen decae con la distancia","Pendiente","Alta"
"188","L3 Feedback y escala","Audio","Reverberacion segun entorno","Distinta en espacio abierto que junto a un obstaculo","Disparar en los dos contextos y comparar la cola del sonido","La cola es mas larga junto a superficies","Pendiente","Baja"
"189","L3 Feedback y escala","Audio","Limite de voces simultaneas","Con cincuenta soldados hay que cortar por prioridad y distancia","Disparar cincuenta fuentes a la vez y contar AudioSources activos","Nunca supera el limite definido","Pendiente","Alta"
"190","L3 Feedback y escala","Audio","Ducking al disparar el tanque","El cañon baja momentaneamente el resto de la mezcla","Disparar el tanque y muestrear el volumen del grupo de efectos","El grupo baja y se recupera","Pendiente","Media"
"191","L3 Feedback y escala","Audio","Variacion de tono por instancia","Un cinco por ciento aleatorio evita el efecto de clones","Reproducir el mismo clip diez veces y comparar los pitch","Los pitch difieren dentro del rango","Pendiente","Media"
"192","L3 Feedback y escala","Audio","Colas de impacto por material","Metal, tierra y piedra con timbres distintos","Impactar los tres materiales y comparar los clips","Los tres usan clips distintos","Pendiente","Media"
"193","L3 Feedback y escala","Audio","Audio posicional real","Estereo segun de donde viene el disparo, clave para ubicar amenazas","Disparar desde izquierda y derecha y comparar el balance","El balance corresponde a la posicion","Pendiente","Alta"
"194","L3 Feedback y escala","Audio","Silbido de bala cercana","Sonido cuando un proyectil pasa cerca del jugador","Pasar un proyectil dentro y fuera del radio y verificar el sonido","Solo suena dentro del radio","Pendiente","Media"
"195","L3 Feedback y escala","Audio","Voces de la escuadra","Confirmacion hablada al recibir ordenes aunque sean tonos sinteticos","Dar una orden y verificar el clip de confirmacion","Suena una confirmacion por lote de orden","Pendiente","Media"
"196","L3 Feedback y escala","Audio","Musica dinamica por intensidad","Sube con el numero de enemigos activos cerca","Variar los enemigos cercanos y muestrear el nivel de musica","El nivel sigue a la cantidad de enemigos","Pendiente","Baja"
"197","L3 Feedback y escala","Audio","Silencio tactico","Bajar todo el audio un instante antes de un momento importante","Disparar el momento clave y muestrear el volumen previo","Hay una caida breve antes del golpe","Pendiente","Baja"
"198","L3 Feedback y escala","Ergonomia","Acciones frecuentes bajo la mano izquierda","Nada critico mas alla de la columna de la T, F1 F2 F3 obliga a soltar WASD","Listar los atajos y verificar su posicion en el teclado","Ningun atajo frecuente queda fuera de la zona izquierda","Pendiente","Alta"
"199","L3 Feedback y escala","Ergonomia","Ciclar posesion con teclas cercanas","Mover el cambio de soldado a teclas junto a WASD","Ejecutar el ciclo con la mano en posicion y verificar el cambio","El ciclo funciona sin mover la mano de WASD","Pendiente","Alta"
"200","L3 Feedback y escala","Ergonomia","Modificador consistente","El mismo modificador para encolar, sumar seleccion y correr","Probar las tres acciones con el modificador y verificar el comportamiento","Las tres responden al mismo modificador","Pendiente","Alta"
"201","L3 Feedback y escala","Ergonomia","Separar entrar y salir de vehiculo","Hoy una sola tecla es multiuso y genera acciones no deseadas","Ejecutar interaccion y salida y verificar que no se pisan","Cada tecla hace solo su accion","Pendiente","Media"
"202","L3 Feedback y escala","Ergonomia","Recentrar camara con la barra espaciadora","La tecla mas grande para la accion mas repetida en RTS","Ejecutar y comparar la posicion de camara con el centroide","La camara queda sobre la escuadra","Pendiente","Media"
"203","L3 Feedback y escala","Ergonomia","Convenciones estandar de recarga y camara","Usar las teclas que el jugador ya trae aprendidas","Ejecutar y verificar que hacen lo esperado","Coinciden con la convencion del genero","Pendiente","Media"
"204","L3 Feedback y escala","Ergonomia","Grupos en teclas numericas sin modificador","Recuperar con el numero y asignar con modificador, el estandar del genero","Asignar y recuperar y comparar los IDs","La recuperacion no necesita modificador","Pendiente","Alta"
"205","L3 Feedback y escala","Ergonomia","Evitar combinaciones de dos manos en combate","Nada de dobles modificadores durante un tiroteo","Revisar la tabla de atajos de combate","Ningun atajo de combate usa dos modificadores","Pendiente","Media"
"206","L3 Feedback y escala","Ergonomia","Cambio de arma con la rueda","Alternativa a las teclas numericas sin mover la mano","Girar la rueda y verificar el arma equipada","El arma cambia en orden con cada giro","Pendiente","Media"
"207","L3 Feedback y escala","Ergonomia","Mantener contra tocar","Tocar cambia de modo y mantener muestra un mapa tactico temporal","Simular pulsacion corta y larga y comparar el resultado","Cada duracion produce su accion","Pendiente","Media"
"208","L3 Feedback y escala","Ergonomia","Remapeo completo","Configuracion de teclas con deteccion de conflictos","Asignar una tecla ya usada y verificar el aviso","Se detecta el conflicto y no se guarda","Pendiente","Media"
"209","L3 Feedback y escala","Ergonomia","Cartel de controles contextual","Solo las teclas utiles en el estado actual","Leer el cartel en cada estado del juego","Muestra solo los atajos validos del estado","Pendiente","Alta"
"210","L3 Feedback y escala","Control a escala","Formaciones seleccionables","Linea, cuña y columna aplicadas al mover el grupo","Aplicar cada formacion y comparar los destinos generados","Cada formacion produce un patron distinto","Pendiente","Alta"
"211","L3 Feedback y escala","Control a escala","Dibujar la formacion arrastrando","La direccion del arrastre define hacia donde mira el grupo","Arrastrar en dos direcciones y comparar la orientacion resultante","La orientacion sigue al arrastre","Pendiente","Media"
"212","L3 Feedback y escala","Control a escala","Posturas de combate","Agresiva, defensiva y alto el fuego por unidad o grupo","Fijar cada postura y verificar el comportamiento de la IA","La IA responde distinto en cada postura","Pendiente","Alta"
"213","L3 Feedback y escala","Control a escala","Ordenes desde el minimapa","Click en el minimapa mueve la seleccion sin viajar con la camara","Ordenar desde el minimapa y comparar el destino con el punto del mundo","El destino corresponde al punto del minimapa","Pendiente","Alta"
"214","L3 Feedback y escala","Control a escala","Seleccion por tipo en pantalla","Seleccionar todos los de un rol visibles con una tecla","Ejecutar y verificar el rol de los seleccionados","Todos comparten rol y estan en pantalla","Pendiente","Media"
"215","L3 Feedback y escala","Control a escala","Tarjetas de grupo persistentes","Barras compactas por grupo de control con vida agregada","Crear grupos y leer las tarjetas","Hay una tarjeta por grupo con la vida sumada","Pendiente","Media"
"216","L3 Feedback y escala","Control a escala","Alerta priorizada","Cola de avisos que muestra lo importante primero y descarta lo redundante","Generar diez avisos simultaneos y leer los mostrados","Se muestran los prioritarios y no se saturan","Pendiente","Alta"
"217","L3 Feedback y escala","Control a escala","Orden de retirada","Comando que manda a los seleccionados al punto seguro mas cercano","Ejecutar y comparar el destino con el punto seguro","El destino es el punto seguro mas proximo","Pendiente","Media"
"218","L3 Feedback y escala","Control a escala","Vista previa de la ruta","Mostrar la linea que van a seguir antes de confirmar","Mantener el boton y verificar la linea antes de soltar","La linea aparece antes de confirmar","Pendiente","Media"
"219","L3 Feedback y escala","Control a escala","Reagrupar dispersos","Accion que junta a los que quedaron sueltos","Dispersar la escuadra, ejecutar y medir la dispersion resultante","La dispersion baja tras el reagrupamiento","Pendiente","Media"
"220","L3 Feedback y escala","Control a escala","Seleccionar solo los heridos","Filtro de seleccion por estado de salud para retirarlos","Herir a dos, ejecutar y leer los seleccionados","Solo quedan seleccionados los heridos","Pendiente","Baja"
"221","L3 Feedback y escala","Control a escala","Historial de ordenes","Panel con las ultimas ordenes dadas para no perder el hilo","Dar tres ordenes y leer el panel","Muestra las tres en orden cronologico","Pendiente","Baja"
"222","L3 Feedback y escala","Performance","Sacar FindObjectsByType del bucle","WorldSimulationDriver lo llama tres veces por frame, usar listas cacheadas","Instrumentar y contar llamadas durante cien frames","Cero llamadas por frame tras el cambio","HECHO","Critica"
"223","L3 Feedback y escala","Performance","Cachear AiBrain en el Soldier","Hoy hace GetComponent por soldado por frame, guardarlo en el Bootstrap","Instrumentar y contar llamadas a GetComponent durante cien frames","Cero llamadas por frame en el bucle","HECHO","Critica"
"224","L3 Feedback y escala","Performance","IA repartida en el tiempo","Procesar un subconjunto de unidades por frame en vez de todas","Medir el tiempo de Update con cincuenta unidades antes y despues","El costo por frame baja de forma proporcional","HECHO","Critica"
"225","L3 Feedback y escala","Performance","Grilla espacial para el sensado","FindNearestEnemyInRange es lineal, con cincuenta contra cincuenta son miles de comparaciones","Contar comparaciones por tick con cincuenta unidades","El conteo deja de crecer cuadraticamente","HECHO","Critica"
"226","L3 Feedback y escala","Performance","Grafo de waypoints estandarizado","Reemplazar los arreglos sueltos por soldado por un grafo compartido con rutas por indice","Verificar que las rutas referencian el grafo y no copias","No hay duplicacion de puntos por soldado","Pendiente","Alta"
"227","L3 Feedback y escala","Performance","Campos de flujo para movimiento masivo","Un campo de direccion compartido por el grupo en vez de calcular por unidad","Medir el costo de mover cincuenta unidades al mismo destino","El costo no escala linealmente con las unidades","Pendiente","Alta"
"228","L3 Feedback y escala","Performance","Evitacion entre unidades","Sin esto cincuenta soldados se atraviesan y se amontonan","Mover cincuenta al mismo punto y medir la distancia minima entre pares","Ningun par queda por debajo de la distancia minima","Pendiente","Alta"
"229","L3 Feedback y escala","Performance","Pool de proyectiles dimensionado","El prewarm de veinticuatro se agota en combate frenetico","Disparar en rafaga masiva y leer FreeCount y los Instantiate ocurridos","El pool no se agota y no hay instanciacion en combate","Pendiente","Alta"
"230","L3 Feedback y escala","Performance","Instanciado por GPU de soldados","Un solo draw call para todos los cuerpos iguales","Medir draw calls con cincuenta soldados antes y despues","Los draw calls bajan drasticamente","Pendiente","Media"
"231","L3 Feedback y escala","Performance","LOD de UI del mundo","Barras, anillos y marcadores solo dentro de distancia y de camara","Alejar la camara y contar elementos activos","Los elementos lejanos se desactivan","Pendiente","Alta"
"232","L3 Feedback y escala","Performance","Reciclar anillos de seleccion","SelectionRingManager crea y destruye objetos en cada cambio","Cambiar la seleccion muchas veces y contar instanciaciones","Cero instanciaciones tras el primer llenado del pool","Pendiente","Alta"
"233","L3 Feedback y escala","Performance","Iconos de minimapa por lote","Un unico mesh procedural en vez de un LateUpdate por icono","Contar componentes con LateUpdate activo con cincuenta unidades","Un solo actualizador para todos los iconos","Pendiente","Media"
"234","L3 Feedback y escala","Performance","Presupuesto global de efectos","Tope de particulas y escombros simultaneos que descarta lo menos importante","Saturar de efectos y contar los activos","Nunca supera el tope definido","Pendiente","Alta"
"235","L3 Feedback y escala","Performance","Panel de diagnostico en vivo","FPS, unidades activas, proyectiles en vuelo y efectos en curso","Activar el panel y comparar sus numeros con el estado real","Los valores coinciden con el estado real de la escena","Pendiente","Alta"
