ruta,carpeta,bytes,usado
"Assets/ARTS/Materiales/M_Amarillo.mat","Assets/ARTS/Materiales",3821,no
"Assets/ARTS/Materiales/M_Azul.mat","Assets/ARTS/Materiales",3818,no
"Assets/ARTS/Materiales/M_Rojo.mat","Assets/ARTS/Materiales",3800,no
"Assets/ARTS/Materiales/New Terrain Layer.terrainlayer","Assets/ARTS/Materiales",703,no
"Assets/ARTS/Slim Shooter Pack/crouching turn 90 left.fbx","Assets/ARTS/Slim Shooter Pack",215905,no
"Assets/ARTS/Slim Shooter Pack/crouching turn 90 right.fbx","Assets/ARTS/Slim Shooter Pack",215905,no
"Assets/ARTS/Slim Shooter Pack/death crouching headshot front.fbx","Assets/ARTS/Slim Shooter Pack",256945,si
"Assets/ARTS/Slim Shooter Pack/death from back headshot.fbx","Assets/ARTS/Slim Shooter Pack",366081,si
"Assets/ARTS/Slim Shooter Pack/death from front headshot.fbx","Assets/ARTS/Slim Shooter Pack",311377,si
"Assets/ARTS/Slim Shooter Pack/death from right.fbx","Assets/ARTS/Slim Shooter Pack",338593,si
"Assets/ARTS/Slim Shooter Pack/death from the back.fbx","Assets/ARTS/Slim Shooter Pack",323393,si
"Assets/ARTS/Slim Shooter Pack/death from the front.fbx","Assets/ARTS/Slim Shooter Pack",346369,si
"Assets/ARTS/Slim Shooter Pack/firing rifle.fbx","Assets/ARTS/Slim Shooter Pack",192689,si
"Assets/ARTS/Slim Shooter Pack/idle aiming.fbx","Assets/ARTS/Slim Shooter Pack",255009,no
"Assets/ARTS/Slim Shooter Pack/idle crouching aiming.fbx","Assets/ARTS/Slim Shooter Pack",257265,si
"Assets/ARTS/Slim Shooter Pack/idle crouching.fbx","Assets/ARTS/Slim Shooter Pack",257265,no
"Assets/ARTS/Slim Shooter Pack/idle.fbx","Assets/ARTS/Slim Shooter Pack",259537,no
"Assets/ARTS/Slim Shooter Pack/jump down.fbx","Assets/ARTS/Slim Shooter Pack",182865,no
"Assets/ARTS/Slim Shooter Pack/jump loop.fbx","Assets/ARTS/Slim Shooter Pack",196897,no
"Assets/ARTS/Slim Shooter Pack/jump up.fbx","Assets/ARTS/Slim Shooter Pack",175521,no
"Assets/ARTS/Slim Shooter Pack/lego.fbx","Assets/ARTS/Slim Shooter Pack",107521,si
"Assets/ARTS/Slim Shooter Pack/M_Soldado.fbx","Assets/ARTS/Slim Shooter Pack",106913,no
"Assets/ARTS/Slim Shooter Pack/Pro Rifle Pack.zip","Assets/ARTS/Slim Shooter Pack",2056871,no
"Assets/ARTS/Slim Shooter Pack/reloading.fbx","Assets/ARTS/Slim Shooter Pack",351313,no
"Assets/ARTS/Slim Shooter Pack/rifle aiming idle.fbx","Assets/ARTS/Slim Shooter Pack",330177,si
"Assets/ARTS/Slim Shooter Pack/rifle run.fbx","Assets/ARTS/Slim Shooter Pack",190385,si
"Assets/ARTS/Slim Shooter Pack/run backward left.fbx","Assets/ARTS/Slim Shooter Pack",228753,si
"Assets/ARTS/Slim Shooter Pack/run backward right.fbx","Assets/ARTS/Slim Shooter Pack",228753,si
"Assets/ARTS/Slim Shooter Pack/run backward.fbx","Assets/ARTS/Slim Shooter Pack",227137,si
"Assets/ARTS/Slim Shooter Pack/run forward left.fbx","Assets/ARTS/Slim Shooter Pack",228753,si
"Assets/ARTS/Slim Shooter Pack/run forward right.fbx","Assets/ARTS/Slim Shooter Pack",228753,si
"Assets/ARTS/Slim Shooter Pack/run forward.fbx","Assets/ARTS/Slim Shooter Pack",228753,no
"Assets/ARTS/Slim Shooter Pack/run left.fbx","Assets/ARTS/Slim Shooter Pack",228753,si
"Assets/ARTS/Slim Shooter Pack/run right.fbx","Assets/ARTS/Slim Shooter Pack",228753,si
"Assets/ARTS/Slim Shooter Pack/sprint backward left.fbx","Assets/ARTS/Slim Shooter Pack",228753,no
"Assets/ARTS/Slim Shooter Pack/sprint backward right.fbx","Assets/ARTS/Slim Shooter Pack",228753,no
"Assets/ARTS/Slim Shooter Pack/sprint backward.fbx","Assets/ARTS/Slim Shooter Pack",228753,no
"Assets/ARTS/Slim Shooter Pack/sprint forward left.fbx","Assets/ARTS/Slim Shooter Pack",228753,no
"Assets/ARTS/Slim Shooter Pack/sprint forward right.fbx","Assets/ARTS/Slim Shooter Pack",228753,no
"Assets/ARTS/Slim Shooter Pack/sprint forward.fbx","Assets/ARTS/Slim Shooter Pack",228753,no
"Assets/ARTS/Slim Shooter Pack/sprint left.fbx","Assets/ARTS/Slim Shooter Pack",228753,no
"Assets/ARTS/Slim Shooter Pack/sprint right.fbx","Assets/ARTS/Slim Shooter Pack",228753,no
"Assets/ARTS/Slim Shooter Pack/strafe (2).fbx","Assets/ARTS/Slim Shooter Pack",177137,no
"Assets/ARTS/Slim Shooter Pack/strafe.fbx","Assets/ARTS/Slim Shooter Pack",182753,no
"Assets/ARTS/Slim Shooter Pack/turn 90 left.fbx","Assets/ARTS/Slim Shooter Pack",201217,no
"Assets/ARTS/Slim Shooter Pack/turn 90 right.fbx","Assets/ARTS/Slim Shooter Pack",202193,no
"Assets/ARTS/Slim Shooter Pack/walk backward left.fbx","Assets/ARTS/Slim Shooter Pack",201217,si
"Assets/ARTS/Slim Shooter Pack/walk backward right.fbx","Assets/ARTS/Slim Shooter Pack",201217,si
"Assets/ARTS/Slim Shooter Pack/walk backward.fbx","Assets/ARTS/Slim Shooter Pack",201217,si
"Assets/ARTS/Slim Shooter Pack/walk crouching backward left.fbx","Assets/ARTS/Slim Shooter Pack",201217,si
"Assets/ARTS/Slim Shooter Pack/walk crouching backward right.fbx","Assets/ARTS/Slim Shooter Pack",201217,si
"Assets/ARTS/Slim Shooter Pack/walk crouching backward.fbx","Assets/ARTS/Slim Shooter Pack",201217,si
"Assets/ARTS/Slim Shooter Pack/walk crouching forward left.fbx","Assets/ARTS/Slim Shooter Pack",201217,si
"Assets/ARTS/Slim Shooter Pack/walk crouching forward right.fbx","Assets/ARTS/Slim Shooter Pack",201217,si
"Assets/ARTS/Slim Shooter Pack/walk crouching forward.fbx","Assets/ARTS/Slim Shooter Pack",201217,si
"Assets/ARTS/Slim Shooter Pack/walk crouching left.fbx","Assets/ARTS/Slim Shooter Pack",201217,si
"Assets/ARTS/Slim Shooter Pack/walk crouching right.fbx","Assets/ARTS/Slim Shooter Pack",201217,si
"Assets/ARTS/Slim Shooter Pack/walk forward left.fbx","Assets/ARTS/Slim Shooter Pack",201217,si
"Assets/ARTS/Slim Shooter Pack/walk forward right.fbx","Assets/ARTS/Slim Shooter Pack",201217,si
"Assets/ARTS/Slim Shooter Pack/walk forward.fbx","Assets/ARTS/Slim Shooter Pack",201217,no
"Assets/ARTS/Slim Shooter Pack/walk left.fbx","Assets/ARTS/Slim Shooter Pack",201217,si
"Assets/ARTS/Slim Shooter Pack/walk right.fbx","Assets/ARTS/Slim Shooter Pack",201217,si
"Assets/ARTS/Slim Shooter Pack/walking.fbx","Assets/ARTS/Slim Shooter Pack",219841,si
"Assets/ARTS/SP_Arte/_backup_claude/MY_Ambiente.ORIG.mb","Assets/ARTS/SP_Arte/_backup_claude",271944,no
"Assets/ARTS/SP_Arte/_backup_claude/MY_Soldado.ORIG.mb","Assets/ARTS/SP_Arte/_backup_claude",148180,no
"Assets/ARTS/SP_Arte/_backup_claude/SESION_PREVIA_untitled.mb","Assets/ARTS/SP_Arte/_backup_claude",148852,no
"Assets/ARTS/SP_Arte/_backup_claude/Trimsheet.ORIG.png","Assets/ARTS/SP_Arte/_backup_claude",3795,no
"Assets/ARTS/SP_Arte/_capturas/01_Ambiente/00_conjunto.png","Assets/ARTS/SP_Arte/_capturas",44038,no
"Assets/ARTS/SP_Arte/_capturas/01_Ambiente/ArbolA.png","Assets/ARTS/SP_Arte/_capturas",4238,no
"Assets/ARTS/SP_Arte/_capturas/01_Ambiente/ArbolB.png","Assets/ARTS/SP_Arte/_capturas",5395,no
"Assets/ARTS/SP_Arte/_capturas/01_Ambiente/Arbusto_Chico.png","Assets/ARTS/SP_Arte/_capturas",5928,no
"Assets/ARTS/SP_Arte/_capturas/01_Ambiente/Arbusto_Grande.png","Assets/ARTS/SP_Arte/_capturas",7236,no
"Assets/ARTS/SP_Arte/_capturas/01_Ambiente/Arbusto_Medio.png","Assets/ARTS/SP_Arte/_capturas",6544,no
"Assets/ARTS/SP_Arte/_capturas/01_Ambiente/Auto_Quemado.png","Assets/ARTS/SP_Arte/_capturas",6603,no
"Assets/ARTS/SP_Arte/_capturas/01_Ambiente/Barricada_Concreto.png","Assets/ARTS/SP_Arte/_capturas",5337,no
"Assets/ARTS/SP_Arte/_capturas/01_Ambiente/Barricada_Erizo.png","Assets/ARTS/SP_Arte/_capturas",1622,no
"Assets/ARTS/SP_Arte/_capturas/01_Ambiente/Barricada_Sacos.png","Assets/ARTS/SP_Arte/_capturas",16980,no
"Assets/ARTS/SP_Arte/_capturas/01_Ambiente/Barricada_Tablones.png","Assets/ARTS/SP_Arte/_capturas",19251,no
"Assets/ARTS/SP_Arte/_capturas/01_Ambiente/Barril.png","Assets/ARTS/SP_Arte/_capturas",13687,no
"Assets/ARTS/SP_Arte/_capturas/01_Ambiente/Caja_Madera.png","Assets/ARTS/SP_Arte/_capturas",5352,no
"Assets/ARTS/SP_Arte/_capturas/01_Ambiente/Cartel.png","Assets/ARTS/SP_Arte/_capturas",3550,no
"Assets/ARTS/SP_Arte/_capturas/01_Ambiente/Crater.png","Assets/ARTS/SP_Arte/_capturas",6395,no
"Assets/ARTS/SP_Arte/_capturas/01_Ambiente/Emplazamiento.png","Assets/ARTS/SP_Arte/_capturas",6838,no
"Assets/ARTS/SP_Arte/_capturas/01_Ambiente/Emplazamiento_Cajon.png","Assets/ARTS/SP_Arte/_capturas",7204,no
"Assets/ARTS/SP_Arte/_capturas/01_Ambiente/Emplazamiento_MG.png","Assets/ARTS/SP_Arte/_capturas",4653,no
"Assets/ARTS/SP_Arte/_capturas/01_Ambiente/Emplazamiento_Tripode.png","Assets/ARTS/SP_Arte/_capturas",3680,no
"Assets/ARTS/SP_Arte/_capturas/01_Ambiente/Escombro_Pila_A.png","Assets/ARTS/SP_Arte/_capturas",7952,no
"Assets/ARTS/SP_Arte/_capturas/01_Ambiente/Escombro_Pila_B.png","Assets/ARTS/SP_Arte/_capturas",10130,no
"Assets/ARTS/SP_Arte/_capturas/01_Ambiente/Farol.png","Assets/ARTS/SP_Arte/_capturas",2057,no
"Assets/ARTS/SP_Arte/_capturas/01_Ambiente/Muro_Caido.png","Assets/ARTS/SP_Arte/_capturas",6946,no
"Assets/ARTS/SP_Arte/_capturas/01_Ambiente/Neumaticos.png","Assets/ARTS/SP_Arte/_capturas",4396,no
"Assets/ARTS/SP_Arte/_capturas/01_Ambiente/Palet.png","Assets/ARTS/SP_Arte/_capturas",7900,no
"Assets/ARTS/SP_Arte/_capturas/01_Ambiente/Poste_Caido.png","Assets/ARTS/SP_Arte/_capturas",3341,no
"Assets/ARTS/SP_Arte/_capturas/02_Soldados/00_escuadron.png","Assets/ARTS/SP_Arte/_capturas",35163,no
"Assets/ARTS/SP_Arte/_capturas/02_Soldados/Comando.png","Assets/ARTS/SP_Arte/_capturas",7611,no
"Assets/ARTS/SP_Arte/_capturas/02_Soldados/Explorador.png","Assets/ARTS/SP_Arte/_capturas",8136,no
"Assets/ARTS/SP_Arte/_capturas/02_Soldados/Francotirador.png","Assets/ARTS/SP_Arte/_capturas",7346,no
"Assets/ARTS/SP_Arte/_capturas/02_Soldados/Fusilero.png","Assets/ARTS/SP_Arte/_capturas",7035,no
"Assets/ARTS/SP_Arte/_capturas/02_Soldados/Medico.png","Assets/ARTS/SP_Arte/_capturas",7232,no
"Assets/ARTS/SP_Arte/_capturas/03_Armas/00_arsenal.png","Assets/ARTS/SP_Arte/_capturas",6271,no
"Assets/ARTS/SP_Arte/_capturas/03_Armas/AK.png","Assets/ARTS/SP_Arte/_capturas",17873,no
"Assets/ARTS/SP_Arte/_capturas/03_Armas/Cuchillo.png","Assets/ARTS/SP_Arte/_capturas",9638,no
"Assets/ARTS/SP_Arte/_capturas/03_Armas/Escopeta.png","Assets/ARTS/SP_Arte/_capturas",17443,no
"Assets/ARTS/SP_Arte/_capturas/03_Armas/Fusil.png","Assets/ARTS/SP_Arte/_capturas",16774,no
"Assets/ARTS/SP_Arte/_capturas/03_Armas/Granada.png","Assets/ARTS/SP_Arte/_capturas",7616,no
"Assets/ARTS/SP_Arte/_capturas/03_Armas/Lanzacohetes.png","Assets/ARTS/SP_Arte/_capturas",18044,no
"Assets/ARTS/SP_Arte/_capturas/03_Armas/Lanzagranadas.png","Assets/ARTS/SP_Arte/_capturas",16609,no
"Assets/ARTS/SP_Arte/_capturas/03_Armas/LMG.png","Assets/ARTS/SP_Arte/_capturas",17233,no
"Assets/ARTS/SP_Arte/_capturas/03_Armas/Metralleta.png","Assets/ARTS/SP_Arte/_capturas",13296,no
"Assets/ARTS/SP_Arte/_capturas/03_Armas/Pistola.png","Assets/ARTS/SP_Arte/_capturas",6576,no
"Assets/ARTS/SP_Arte/_capturas/03_Armas/Revolver.png","Assets/ARTS/SP_Arte/_capturas",7187,no
"Assets/ARTS/SP_Arte/_capturas/03_Armas/Sniper.png","Assets/ARTS/SP_Arte/_capturas",17321,no
"Assets/ARTS/SP_Arte/_capturas/04_Tanque/00_3q.png","Assets/ARTS/SP_Arte/_capturas",23605,no
"Assets/ARTS/SP_Arte/_capturas/04_Tanque/01_lateral.png","Assets/ARTS/SP_Arte/_capturas",14339,no
"Assets/ARTS/SP_Arte/_capturas/05_Comparativas/01_ambiente.png","Assets/ARTS/SP_Arte/_capturas",114441,no
"Assets/ARTS/SP_Arte/_capturas/05_Comparativas/02_cuerpo.png","Assets/ARTS/SP_Arte/_capturas",58253,no
"Assets/ARTS/SP_Arte/_capturas/05_Comparativas/03_uv.png","Assets/ARTS/SP_Arte/_capturas",130583,no
"Assets/ARTS/SP_Arte/_capturas/05_Comparativas/04_medico.png","Assets/ARTS/SP_Arte/_capturas",101621,no
"Assets/ARTS/SP_Arte/_capturas/05_Comparativas/05_tanque_partes.png","Assets/ARTS/SP_Arte/_capturas",239557,no
"Assets/ARTS/SP_Arte/_capturas/05_Comparativas/06_tanque_giro.png","Assets/ARTS/SP_Arte/_capturas",269856,no
"Assets/ARTS/SP_Arte/_capturas/05_Comparativas/07_arsenal.png","Assets/ARTS/SP_Arte/_capturas",210375,no
"Assets/ARTS/SP_Arte/_capturas/05_Comparativas/08_modulares.png","Assets/ARTS/SP_Arte/_capturas",246252,no
"Assets/ARTS/SP_Arte/_capturas/05_Comparativas/09_ruinas.png","Assets/ARTS/SP_Arte/_capturas",277624,no
"Assets/ARTS/SP_Arte/_capturas/05_Comparativas/10_vegetacion.png","Assets/ARTS/SP_Arte/_capturas",138288,no
"Assets/ARTS/SP_Arte/_capturas/05_Comparativas/11_cobertura.png","Assets/ARTS/SP_Arte/_capturas",364973,no
"Assets/ARTS/SP_Arte/_capturas/05_Comparativas/12_pisos.png","Assets/ARTS/SP_Arte/_capturas",672095,no
"Assets/ARTS/SP_Arte/_capturas/05_Comparativas/13_muros.png","Assets/ARTS/SP_Arte/_capturas",231321,no
"Assets/ARTS/SP_Arte/_capturas/05_Comparativas/14_vegetacion.png","Assets/ARTS/SP_Arte/_capturas",225936,no
"Assets/ARTS/SP_Arte/_capturas/05_Comparativas/15_arsenal.png","Assets/ARTS/SP_Arte/_capturas",357809,no
"Assets/ARTS/SP_Arte/_capturas/05_Comparativas/16_vallas.png","Assets/ARTS/SP_Arte/_capturas",148532,no
"Assets/ARTS/SP_Arte/_capturas/05_Comparativas/17_destruccion.png","Assets/ARTS/SP_Arte/_capturas",417760,no
"Assets/ARTS/SP_Arte/_capturas/06_UV/00_ANTES_uv_soldado.png","Assets/ARTS/SP_Arte/_capturas",42694,no
"Assets/ARTS/SP_Arte/_capturas/06_UV/01_DESPUES_uv_soldado.png","Assets/ARTS/SP_Arte/_capturas",71188,no
"Assets/ARTS/SP_Arte/_capturas/07_Modulares/00_pisos_tileados.png","Assets/ARTS/SP_Arte/_capturas",114183,no
"Assets/ARTS/SP_Arte/_capturas/07_Modulares/01_demo_armado.png","Assets/ARTS/SP_Arte/_capturas",37800,no
"Assets/ARTS/SP_Arte/_capturas/07_Modulares/02_demo_cenital.png","Assets/ARTS/SP_Arte/_capturas",32666,no
"Assets/ARTS/SP_Arte/_capturas/07_Modulares/Escalera.png","Assets/ARTS/SP_Arte/_capturas",3315,no
"Assets/ARTS/SP_Arte/_capturas/07_Modulares/Escombros.png","Assets/ARTS/SP_Arte/_capturas",7928,no
"Assets/ARTS/SP_Arte/_capturas/07_Modulares/Losa.png","Assets/ARTS/SP_Arte/_capturas",3034,no
"Assets/ARTS/SP_Arte/_capturas/07_Modulares/Muro_Medio.png","Assets/ARTS/SP_Arte/_capturas",2890,no
"Assets/ARTS/SP_Arte/_capturas/07_Modulares/Muro_Pilar.png","Assets/ARTS/SP_Arte/_capturas",2133,no
"Assets/ARTS/SP_Arte/_capturas/07_Modulares/Muro_Puerta.png","Assets/ARTS/SP_Arte/_capturas",3834,no
"Assets/ARTS/SP_Arte/_capturas/07_Modulares/Muro_Recto.png","Assets/ARTS/SP_Arte/_capturas",4125,no
"Assets/ARTS/SP_Arte/_capturas/07_Modulares/Muro_RotoAlto.png","Assets/ARTS/SP_Arte/_capturas",4407,no
"Assets/ARTS/SP_Arte/_capturas/07_Modulares/Muro_RotoBajo.png","Assets/ARTS/SP_Arte/_capturas",5655,no
"Assets/ARTS/SP_Arte/_capturas/07_Modulares/Muro_Ventana.png","Assets/ARTS/SP_Arte/_capturas",4030,no
"Assets/ARTS/SP_Arte/_capturas/07_Modulares/Piso_Adoquin.png","Assets/ARTS/SP_Arte/_capturas",9215,no
"Assets/ARTS/SP_Arte/_capturas/07_Modulares/Piso_Arena.png","Assets/ARTS/SP_Arte/_capturas",5621,no
"Assets/ARTS/SP_Arte/_capturas/07_Modulares/Piso_Asfalto.png","Assets/ARTS/SP_Arte/_capturas",4959,no
"Assets/ARTS/SP_Arte/_capturas/07_Modulares/Piso_Baldosa.png","Assets/ARTS/SP_Arte/_capturas",6762,no
"Assets/ARTS/SP_Arte/_capturas/07_Modulares/Piso_CespedSeco.png","Assets/ARTS/SP_Arte/_capturas",6520,no
"Assets/ARTS/SP_Arte/_capturas/07_Modulares/Piso_Concreto.png","Assets/ARTS/SP_Arte/_capturas",5911,no
"Assets/ARTS/SP_Arte/_capturas/07_Modulares/Piso_ConcretoRoto.png","Assets/ARTS/SP_Arte/_capturas",7720,no
"Assets/ARTS/SP_Arte/_capturas/07_Modulares/Piso_Escombro.png","Assets/ARTS/SP_Arte/_capturas",7795,no
"Assets/ARTS/SP_Arte/_capturas/07_Modulares/Piso_Grava.png","Assets/ARTS/SP_Arte/_capturas",6903,no
"Assets/ARTS/SP_Arte/_capturas/07_Modulares/Piso_Madera.png","Assets/ARTS/SP_Arte/_capturas",7831,no
"Assets/ARTS/SP_Arte/_capturas/07_Modulares/Piso_Metal.png","Assets/ARTS/SP_Arte/_capturas",6870,no
"Assets/ARTS/SP_Arte/_capturas/07_Modulares/Piso_Pasto.png","Assets/ARTS/SP_Arte/_capturas",6416,no
"Assets/ARTS/SP_Arte/_capturas/07_Modulares/Piso_Tierra.png","Assets/ARTS/SP_Arte/_capturas",5462,no
"Assets/ARTS/SP_Arte/_capturas/07_Modulares/Valla_Alambrado.png","Assets/ARTS/SP_Arte/_capturas",10588,no
"Assets/ARTS/SP_Arte/_capturas/07_Modulares/Valla_Chapa.png","Assets/ARTS/SP_Arte/_capturas",4453,no
"Assets/ARTS/SP_Arte/_capturas/07_Modulares/Valla_Madera.png","Assets/ARTS/SP_Arte/_capturas",7936,no
"Assets/ARTS/SP_Arte/_capturas/07_Modulares/Valla_Puas.png","Assets/ARTS/SP_Arte/_capturas",11394,no
"Assets/ARTS/SP_Arte/_capturas/08_Showcase/00_todo.png","Assets/ARTS/SP_Arte/_capturas",101848,no
"Assets/ARTS/SP_Arte/_capturas/08_Showcase/01_cenital.png","Assets/ARTS/SP_Arte/_capturas",51529,no
"Assets/ARTS/SP_Arte/_capturas/09_Nivel/00_cenital.png","Assets/ARTS/SP_Arte/_capturas",22536,no
"Assets/ARTS/SP_Arte/_capturas/09_Nivel/01_isometrica.png","Assets/ARTS/SP_Arte/_capturas",136086,no
"Assets/ARTS/SP_Arte/_capturas/09_Nivel/02_entrada.png","Assets/ARTS/SP_Arte/_capturas",166172,no
"Assets/ARTS/SP_Arte/_capturas/09_Nivel/03_manzanas_A.png","Assets/ARTS/SP_Arte/_capturas",212658,no
"Assets/ARTS/SP_Arte/_capturas/09_Nivel/04_manzanas_B.png","Assets/ARTS/SP_Arte/_capturas",217352,no
"Assets/ARTS/SP_Arte/_capturas/09_Nivel/05_manzanas_C.png","Assets/ARTS/SP_Arte/_capturas",196593,no
"Assets/ARTS/SP_Arte/_capturas/09_Nivel/06_avenida.png","Assets/ARTS/SP_Arte/_capturas",133585,no
"Assets/ARTS/SP_Arte/_capturas/09_Nivel/07_cruce.png","Assets/ARTS/SP_Arte/_capturas",96968,no
"Assets/ARTS/SP_Arte/_capturas/_Optimizacion/Ambiente_ANTES_Emplazamiento_MG.png","Assets/ARTS/SP_Arte/_capturas",58278,no
"Assets/ARTS/SP_Arte/_capturas/_Optimizacion/Ambiente_ANTES_overview.png","Assets/ARTS/SP_Arte/_capturas",34523,no
"Assets/ARTS/SP_Arte/_capturas/_Optimizacion/Ambiente_DESPUES_Emplazamiento_MG.png","Assets/ARTS/SP_Arte/_capturas",58408,no
"Assets/ARTS/SP_Arte/_capturas/_Optimizacion/Ambiente_DESPUES_Erizo.png","Assets/ARTS/SP_Arte/_capturas",50954,no
"Assets/ARTS/SP_Arte/_capturas/_Optimizacion/Ambiente_DESPUES_overview.png","Assets/ARTS/SP_Arte/_capturas",35428,no
"Assets/ARTS/SP_Arte/_capturas/_Optimizacion/Heli_construccion.png","Assets/ARTS/SP_Arte/_capturas",14666,no
"Assets/ARTS/SP_Arte/_capturas/_Optimizacion/Heli_lateral.png","Assets/ARTS/SP_Arte/_capturas",11554,no
"Assets/ARTS/SP_Arte/_capturas/_Optimizacion/Modulares_ANTES_Muro_Puerta.png","Assets/ARTS/SP_Arte/_capturas",23345,no
"Assets/ARTS/SP_Arte/_capturas/_Optimizacion/Modulares_ANTES_overview.png","Assets/ARTS/SP_Arte/_capturas",31547,no
"Assets/ARTS/SP_Arte/_capturas/_Optimizacion/Modulares_ANTES_Piso_Baldosa.png","Assets/ARTS/SP_Arte/_capturas",27636,no
"Assets/ARTS/SP_Arte/_capturas/_Optimizacion/Modulares_DEMO_tileado_piso.png","Assets/ARTS/SP_Arte/_capturas",43943,no
"Assets/ARTS/SP_Arte/_capturas/_Optimizacion/Modulares_DESPUES_Muro_Puerta.png","Assets/ARTS/SP_Arte/_capturas",24129,no
"Assets/ARTS/SP_Arte/_capturas/_Optimizacion/Modulares_DESPUES_overview.png","Assets/ARTS/SP_Arte/_capturas",31639,no
"Assets/ARTS/SP_Arte/_capturas/_Optimizacion/Modulares_DESPUES_Piso_Baldosa.png","Assets/ARTS/SP_Arte/_capturas",28468,no
"Assets/ARTS/SP_Arte/_capturas/_Optimizacion/Nivel_ANTES_overview.png","Assets/ARTS/SP_Arte/_capturas",150892,no
"Assets/ARTS/SP_Arte/_capturas/_Optimizacion/Nivel_DESPUES_overview.png","Assets/ARTS/SP_Arte/_capturas",150790,no
"Assets/ARTS/SP_Arte/_capturas/_Optimizacion/Nivel_DESPUES_Tanque.png","Assets/ARTS/SP_Arte/_capturas",61920,no
"Assets/ARTS/SP_Arte/_capturas/_Optimizacion/Pivots_ANTES_overview.png","Assets/ARTS/SP_Arte/_capturas",32535,no
"Assets/ARTS/SP_Arte/_capturas/_Optimizacion/Pivots_DEMO_tileado_esquina.png","Assets/ARTS/SP_Arte/_capturas",76581,no
"Assets/ARTS/SP_Arte/_capturas/_Optimizacion/Pivots_DEMO_tileado_muro.png","Assets/ARTS/SP_Arte/_capturas",43174,no
"Assets/ARTS/SP_Arte/_capturas/_Optimizacion/Pivots_DESPUES_overview.png","Assets/ARTS/SP_Arte/_capturas",64631,no
"Assets/ARTS/SP_Arte/_capturas/_Optimizacion/RTS2_01_piso.png","Assets/ARTS/SP_Arte/_capturas",127052,no
"Assets/ARTS/SP_Arte/_capturas/_Optimizacion/RTS2_02_hq_barracas.png","Assets/ARTS/SP_Arte/_capturas",161650,no
"Assets/ARTS/SP_Arte/_capturas/_Optimizacion/RTS2_02_top.png","Assets/ARTS/SP_Arte/_capturas",123914,no
"Assets/ARTS/SP_Arte/_capturas/_Optimizacion/RTS2_03_perimetro_top.png","Assets/ARTS/SP_Arte/_capturas",153180,no
"Assets/ARTS/SP_Arte/_capturas/_Optimizacion/RTS2_04_cobertura_top.png","Assets/ARTS/SP_Arte/_capturas",146848,no
"Assets/ARTS/SP_Arte/_capturas/_Optimizacion/RTS2_FINAL_brecha.png","Assets/ARTS/SP_Arte/_capturas",69045,no
"Assets/ARTS/SP_Arte/_capturas/_Optimizacion/RTS2_FINAL_hq_techo.png","Assets/ARTS/SP_Arte/_capturas",209464,no
"Assets/ARTS/SP_Arte/_capturas/_Optimizacion/RTS2_FINAL_overview.png","Assets/ARTS/SP_Arte/_capturas",165656,no
"Assets/ARTS/SP_Arte/_capturas/_Optimizacion/RTS2_FINAL_porton.png","Assets/ARTS/SP_Arte/_capturas",65625,no
"Assets/ARTS/SP_Arte/_capturas/_Optimizacion/RTS2_FINAL_top.png","Assets/ARTS/SP_Arte/_capturas",161786,no
"Assets/ARTS/SP_Arte/_capturas/_Optimizacion/RTS_01_piso.png","Assets/ARTS/SP_Arte/_capturas",106983,no
"Assets/ARTS/SP_Arte/_capturas/_Optimizacion/RTS_01_piso_check.png","Assets/ARTS/SP_Arte/_capturas",85306,no
"Assets/ARTS/SP_Arte/_capturas/_Optimizacion/RTS_02_muros_techo.png","Assets/ARTS/SP_Arte/_capturas",91508,no
"Assets/ARTS/SP_Arte/_capturas/_Optimizacion/RTS_02_muros_top.png","Assets/ARTS/SP_Arte/_capturas",99287,no
"Assets/ARTS/SP_Arte/_capturas/_Optimizacion/RTS_03_cobertura_persp.png","Assets/ARTS/SP_Arte/_capturas",108697,no
"Assets/ARTS/SP_Arte/_capturas/_Optimizacion/RTS_03_cobertura_top.png","Assets/ARTS/SP_Arte/_capturas",127111,no
"Assets/ARTS/SP_Arte/_capturas/_Optimizacion/RTS_FINAL_entrada.png","Assets/ARTS/SP_Arte/_capturas",54504,no
"Assets/ARTS/SP_Arte/_capturas/_Optimizacion/RTS_FINAL_heli.png","Assets/ARTS/SP_Arte/_capturas",63655,no
"Assets/ARTS/SP_Arte/_capturas/_Optimizacion/RTS_FINAL_overview.png","Assets/ARTS/SP_Arte/_capturas",120774,no
"Assets/ARTS/SP_Arte/_capturas/_Optimizacion/RTS_FINAL_techo.png","Assets/ARTS/SP_Arte/_capturas",89223,no
"Assets/ARTS/SP_Arte/_capturas/_Optimizacion/RTS_FINAL_top.png","Assets/ARTS/SP_Arte/_capturas",111311,no
"Assets/ARTS/SP_Arte/_capturas/_Optimizacion/Soldado_ANTES_Fusilero.png","Assets/ARTS/SP_Arte/_capturas",14162,no
"Assets/ARTS/SP_Arte/_capturas/_Optimizacion/Soldado_ANTES_overview.png","Assets/ARTS/SP_Arte/_capturas",25024,no
"Assets/ARTS/SP_Arte/_capturas/_Optimizacion/Soldado_DESPUES_Fusilero.png","Assets/ARTS/SP_Arte/_capturas",14194,no
"Assets/ARTS/SP_Arte/_capturas/_Optimizacion/Soldado_DESPUES_overview.png","Assets/ARTS/SP_Arte/_capturas",24953,no
"Assets/ARTS/SP_Arte/_capturas/_Optimizacion/Vehiculos_ANTES_overview.png","Assets/ARTS/SP_Arte/_capturas",23967,no
"Assets/ARTS/SP_Arte/_capturas/_Optimizacion/Vehiculos_ANTES_Torreta.png","Assets/ARTS/SP_Arte/_capturas",22484,no
"Assets/ARTS/SP_Arte/_capturas/_Optimizacion/Vehiculos_DEMO_piezas_independientes.png","Assets/ARTS/SP_Arte/_capturas",26756,no
"Assets/ARTS/SP_Arte/_capturas/_Optimizacion/Vehiculos_DESPUES_overview.png","Assets/ARTS/SP_Arte/_capturas",24179,no
"Assets/ARTS/SP_Arte/_capturas/_Optimizacion/Vehiculos_DESPUES_Torreta.png","Assets/ARTS/SP_Arte/_capturas",24069,no
"Assets/ARTS/SP_Arte/_FBX_Export/01_Modulares/SM_Mod_Escalera.fbx","Assets/ARTS/SP_Arte/_FBX_Export",43744,si
"Assets/ARTS/SP_Arte/_FBX_Export/01_Modulares/SM_Mod_Escombros.fbx","Assets/ARTS/SP_Arte/_FBX_Export",54672,si
"Assets/ARTS/SP_Arte/_FBX_Export/01_Modulares/SM_Mod_Losa.fbx","Assets/ARTS/SP_Arte/_FBX_Export",43008,si
"Assets/ARTS/SP_Arte/_FBX_Export/01_Modulares/SM_Mod_Muro_Medio.fbx","Assets/ARTS/SP_Arte/_FBX_Export",43056,si
"Assets/ARTS/SP_Arte/_FBX_Export/01_Modulares/SM_Mod_Muro_Pilar.fbx","Assets/ARTS/SP_Arte/_FBX_Export",43072,si
"Assets/ARTS/SP_Arte/_FBX_Export/01_Modulares/SM_Mod_Muro_Puerta.fbx","Assets/ARTS/SP_Arte/_FBX_Export",45344,si
"Assets/ARTS/SP_Arte/_FBX_Export/01_Modulares/SM_Mod_Muro_Recto.fbx","Assets/ARTS/SP_Arte/_FBX_Export",43056,si
"Assets/ARTS/SP_Arte/_FBX_Export/01_Modulares/SM_Mod_Muro_RotoAlto.fbx","Assets/ARTS/SP_Arte/_FBX_Export",43456,si
"Assets/ARTS/SP_Arte/_FBX_Export/01_Modulares/SM_Mod_Muro_RotoBajo.fbx","Assets/ARTS/SP_Arte/_FBX_Export",43456,si
"Assets/ARTS/SP_Arte/_FBX_Export/01_Modulares/SM_Mod_Muro_Ventana.fbx","Assets/ARTS/SP_Arte/_FBX_Export",42176,si
"Assets/ARTS/SP_Arte/_FBX_Export/01_Modulares/SM_Mod_Piso_Adoquin.fbx","Assets/ARTS/SP_Arte/_FBX_Export",46048,si
"Assets/ARTS/SP_Arte/_FBX_Export/01_Modulares/SM_Mod_Piso_Arena.fbx","Assets/ARTS/SP_Arte/_FBX_Export",45504,si
"Assets/ARTS/SP_Arte/_FBX_Export/01_Modulares/SM_Mod_Piso_Arena_Var90.fbx","Assets/ARTS/SP_Arte/_FBX_Export",45840,si
"Assets/ARTS/SP_Arte/_FBX_Export/01_Modulares/SM_Mod_Piso_Arena_Var180.fbx","Assets/ARTS/SP_Arte/_FBX_Export",45488,si
"Assets/ARTS/SP_Arte/_FBX_Export/01_Modulares/SM_Mod_Piso_Arena_Var270.fbx","Assets/ARTS/SP_Arte/_FBX_Export",45840,si
"Assets/ARTS/SP_Arte/_FBX_Export/01_Modulares/SM_Mod_Piso_Asfalto.fbx","Assets/ARTS/SP_Arte/_FBX_Export",44144,si
"Assets/ARTS/SP_Arte/_FBX_Export/01_Modulares/SM_Mod_Piso_Baldosa.fbx","Assets/ARTS/SP_Arte/_FBX_Export",44144,si
"Assets/ARTS/SP_Arte/_FBX_Export/01_Modulares/SM_Mod_Piso_CespedSeco.fbx","Assets/ARTS/SP_Arte/_FBX_Export",56224,si
"Assets/ARTS/SP_Arte/_FBX_Export/01_Modulares/SM_Mod_Piso_CespedSeco_Var90.fbx","Assets/ARTS/SP_Arte/_FBX_Export",56944,si
"Assets/ARTS/SP_Arte/_FBX_Export/01_Modulares/SM_Mod_Piso_CespedSeco_Var180.fbx","Assets/ARTS/SP_Arte/_FBX_Export",56288,si
"Assets/ARTS/SP_Arte/_FBX_Export/01_Modulares/SM_Mod_Piso_CespedSeco_Var270.fbx","Assets/ARTS/SP_Arte/_FBX_Export",56896,si
"Assets/ARTS/SP_Arte/_FBX_Export/01_Modulares/SM_Mod_Piso_Concreto.fbx","Assets/ARTS/SP_Arte/_FBX_Export",42352,si
"Assets/ARTS/SP_Arte/_FBX_Export/01_Modulares/SM_Mod_Piso_ConcretoRoto.fbx","Assets/ARTS/SP_Arte/_FBX_Export",46944,si
"Assets/ARTS/SP_Arte/_FBX_Export/01_Modulares/SM_Mod_Piso_ConcretoRoto_Var90.fbx","Assets/ARTS/SP_Arte/_FBX_Export",47664,si
"Assets/ARTS/SP_Arte/_FBX_Export/01_Modulares/SM_Mod_Piso_ConcretoRoto_Var180.fbx","Assets/ARTS/SP_Arte/_FBX_Export",46976,si
"Assets/ARTS/SP_Arte/_FBX_Export/01_Modulares/SM_Mod_Piso_ConcretoRoto_Var270.fbx","Assets/ARTS/SP_Arte/_FBX_Export",47728,si
"Assets/ARTS/SP_Arte/_FBX_Export/01_Modulares/SM_Mod_Piso_Escombro.fbx","Assets/ARTS/SP_Arte/_FBX_Export",54880,si
"Assets/ARTS/SP_Arte/_FBX_Export/01_Modulares/SM_Mod_Piso_Escombro_Var90.fbx","Assets/ARTS/SP_Arte/_FBX_Export",55168,si
"Assets/ARTS/SP_Arte/_FBX_Export/01_Modulares/SM_Mod_Piso_Escombro_Var180.fbx","Assets/ARTS/SP_Arte/_FBX_Export",54896,si
"Assets/ARTS/SP_Arte/_FBX_Export/01_Modulares/SM_Mod_Piso_Escombro_Var270.fbx","Assets/ARTS/SP_Arte/_FBX_Export",55376,si
"Assets/ARTS/SP_Arte/_FBX_Export/01_Modulares/SM_Mod_Piso_Grava.fbx","Assets/ARTS/SP_Arte/_FBX_Export",53312,si
"Assets/ARTS/SP_Arte/_FBX_Export/01_Modulares/SM_Mod_Piso_Grava_Var90.fbx","Assets/ARTS/SP_Arte/_FBX_Export",54192,si
"Assets/ARTS/SP_Arte/_FBX_Export/01_Modulares/SM_Mod_Piso_Grava_Var180.fbx","Assets/ARTS/SP_Arte/_FBX_Export",53344,si
"Assets/ARTS/SP_Arte/_FBX_Export/01_Modulares/SM_Mod_Piso_Grava_Var270.fbx","Assets/ARTS/SP_Arte/_FBX_Export",54048,si
"Assets/ARTS/SP_Arte/_FBX_Export/01_Modulares/SM_Mod_Piso_Madera.fbx","Assets/ARTS/SP_Arte/_FBX_Export",42912,si
"Assets/ARTS/SP_Arte/_FBX_Export/01_Modulares/SM_Mod_Piso_Metal.fbx","Assets/ARTS/SP_Arte/_FBX_Export",43008,si
"Assets/ARTS/SP_Arte/_FBX_Export/01_Modulares/SM_Mod_Piso_Pasto.fbx","Assets/ARTS/SP_Arte/_FBX_Export",57296,si
"Assets/ARTS/SP_Arte/_FBX_Export/01_Modulares/SM_Mod_Piso_Pasto_Var90.fbx","Assets/ARTS/SP_Arte/_FBX_Export",58240,si
"Assets/ARTS/SP_Arte/_FBX_Export/01_Modulares/SM_Mod_Piso_Pasto_Var180.fbx","Assets/ARTS/SP_Arte/_FBX_Export",57296,si
"Assets/ARTS/SP_Arte/_FBX_Export/01_Modulares/SM_Mod_Piso_Pasto_Var270.fbx","Assets/ARTS/SP_Arte/_FBX_Export",58464,si
"Assets/ARTS/SP_Arte/_FBX_Export/01_Modulares/SM_Mod_Piso_Tierra.fbx","Assets/ARTS/SP_Arte/_FBX_Export",47760,si
"Assets/ARTS/SP_Arte/_FBX_Export/01_Modulares/SM_Mod_Piso_Tierra_Var90.fbx","Assets/ARTS/SP_Arte/_FBX_Export",48064,si
"Assets/ARTS/SP_Arte/_FBX_Export/01_Modulares/SM_Mod_Piso_Tierra_Var180.fbx","Assets/ARTS/SP_Arte/_FBX_Export",47728,si
"Assets/ARTS/SP_Arte/_FBX_Export/01_Modulares/SM_Mod_Piso_Tierra_Var270.fbx","Assets/ARTS/SP_Arte/_FBX_Export",48144,si
"Assets/ARTS/SP_Arte/_FBX_Export/01_Modulares/SM_Mod_Valla_Alambrado.fbx","Assets/ARTS/SP_Arte/_FBX_Export",44928,si
"Assets/ARTS/SP_Arte/_FBX_Export/01_Modulares/SM_Mod_Valla_Chapa.fbx","Assets/ARTS/SP_Arte/_FBX_Export",43040,si
"Assets/ARTS/SP_Arte/_FBX_Export/01_Modulares/SM_Mod_Valla_Madera.fbx","Assets/ARTS/SP_Arte/_FBX_Export",45184,si
"Assets/ARTS/SP_Arte/_FBX_Export/01_Modulares/SM_Mod_Valla_Puas.fbx","Assets/ARTS/SP_Arte/_FBX_Export",50320,si
"Assets/ARTS/SP_Arte/_FBX_Export/02_Ambiente/SM_Env_ArbolA.fbx","Assets/ARTS/SP_Arte/_FBX_Export",51280,si
"Assets/ARTS/SP_Arte/_FBX_Export/02_Ambiente/SM_Env_ArbolB.fbx","Assets/ARTS/SP_Arte/_FBX_Export",62112,si
"Assets/ARTS/SP_Arte/_FBX_Export/02_Ambiente/SM_Env_Arbusto_Chico.fbx","Assets/ARTS/SP_Arte/_FBX_Export",52192,si
"Assets/ARTS/SP_Arte/_FBX_Export/02_Ambiente/SM_Env_Arbusto_Grande.fbx","Assets/ARTS/SP_Arte/_FBX_Export",59920,si
"Assets/ARTS/SP_Arte/_FBX_Export/02_Ambiente/SM_Env_Arbusto_Medio.fbx","Assets/ARTS/SP_Arte/_FBX_Export",56000,si
"Assets/ARTS/SP_Arte/_FBX_Export/02_Ambiente/SM_Env_Auto_Quemado.fbx","Assets/ARTS/SP_Arte/_FBX_Export",46688,si
"Assets/ARTS/SP_Arte/_FBX_Export/02_Ambiente/SM_Env_Barricada_Concreto.fbx","Assets/ARTS/SP_Arte/_FBX_Export",42752,si
"Assets/ARTS/SP_Arte/_FBX_Export/02_Ambiente/SM_Env_Barricada_Erizo.fbx","Assets/ARTS/SP_Arte/_FBX_Export",44144,si
"Assets/ARTS/SP_Arte/_FBX_Export/02_Ambiente/SM_Env_Barricada_Sacos.fbx","Assets/ARTS/SP_Arte/_FBX_Export",75056,si
"Assets/ARTS/SP_Arte/_FBX_Export/02_Ambiente/SM_Env_Barricada_Tablones.fbx","Assets/ARTS/SP_Arte/_FBX_Export",108384,si
"Assets/ARTS/SP_Arte/_FBX_Export/02_Ambiente/SM_Env_Barril.fbx","Assets/ARTS/SP_Arte/_FBX_Export",86640,si
"Assets/ARTS/SP_Arte/_FBX_Export/02_Ambiente/SM_Env_Caja_Madera.fbx","Assets/ARTS/SP_Arte/_FBX_Export",43376,si
"Assets/ARTS/SP_Arte/_FBX_Export/02_Ambiente/SM_Env_Cartel.fbx","Assets/ARTS/SP_Arte/_FBX_Export",42224,si
"Assets/ARTS/SP_Arte/_FBX_Export/02_Ambiente/SM_Env_Crater.fbx","Assets/ARTS/SP_Arte/_FBX_Export",52544,si
"Assets/ARTS/SP_Arte/_FBX_Export/02_Ambiente/SM_Env_Emplazamiento_Cajon.fbx","Assets/ARTS/SP_Arte/_FBX_Export",49520,si
"Assets/ARTS/SP_Arte/_FBX_Export/02_Ambiente/SM_Env_Emplazamiento_MG.fbx","Assets/ARTS/SP_Arte/_FBX_Export",51840,si
"Assets/ARTS/SP_Arte/_FBX_Export/02_Ambiente/SM_Env_Emplazamiento_Tripode.fbx","Assets/ARTS/SP_Arte/_FBX_Export",50048,si
"Assets/ARTS/SP_Arte/_FBX_Export/02_Ambiente/SM_Env_Escombro_Pila_A.fbx","Assets/ARTS/SP_Arte/_FBX_Export",56864,si
"Assets/ARTS/SP_Arte/_FBX_Export/02_Ambiente/SM_Env_Escombro_Pila_B.fbx","Assets/ARTS/SP_Arte/_FBX_Export",60416,si
"Assets/ARTS/SP_Arte/_FBX_Export/02_Ambiente/SM_Env_Farol.fbx","Assets/ARTS/SP_Arte/_FBX_Export",45584,si
"Assets/ARTS/SP_Arte/_FBX_Export/02_Ambiente/SM_Env_Muro_Caido.fbx","Assets/ARTS/SP_Arte/_FBX_Export",47168,si
"Assets/ARTS/SP_Arte/_FBX_Export/02_Ambiente/SM_Env_Neumaticos.fbx","Assets/ARTS/SP_Arte/_FBX_Export",48816,si
"Assets/ARTS/SP_Arte/_FBX_Export/02_Ambiente/SM_Env_Palet.fbx","Assets/ARTS/SP_Arte/_FBX_Export",43792,si
"Assets/ARTS/SP_Arte/_FBX_Export/02_Ambiente/SM_Env_Poste_Caido.fbx","Assets/ARTS/SP_Arte/_FBX_Export",45696,si
"Assets/ARTS/SP_Arte/_FBX_Export/03_Vehiculos/SM_Veh_Heli.fbx","Assets/ARTS/SP_Arte/_FBX_Export",61952,si
"Assets/ARTS/SP_Arte/_FBX_Export/03_Vehiculos/SM_Veh_Heli_Fuselaje.fbx","Assets/ARTS/SP_Arte/_FBX_Export",43984,si
"Assets/ARTS/SP_Arte/_FBX_Export/03_Vehiculos/SM_Veh_Heli_RotorCola.fbx","Assets/ARTS/SP_Arte/_FBX_Export",43344,si
"Assets/ARTS/SP_Arte/_FBX_Export/03_Vehiculos/SM_Veh_Heli_RotorPrincipal.fbx","Assets/ARTS/SP_Arte/_FBX_Export",41536,si
"Assets/ARTS/SP_Arte/_FBX_Export/03_Vehiculos/SM_Veh_Tanque.fbx","Assets/ARTS/SP_Arte/_FBX_Export",96992,si
"Assets/ARTS/SP_Arte/_FBX_Export/03_Vehiculos/SM_Veh_Tanque_Canon.fbx","Assets/ARTS/SP_Arte/_FBX_Export",42880,si
"Assets/ARTS/SP_Arte/_FBX_Export/03_Vehiculos/SM_Veh_Tanque_Cuerpo.fbx","Assets/ARTS/SP_Arte/_FBX_Export",64336,si
"Assets/ARTS/SP_Arte/_FBX_Export/03_Vehiculos/SM_Veh_Tanque_Metralleta.fbx","Assets/ARTS/SP_Arte/_FBX_Export",42384,si
"Assets/ARTS/SP_Arte/_FBX_Export/03_Vehiculos/SM_Veh_Tanque_Torreta.fbx","Assets/ARTS/SP_Arte/_FBX_Export",47120,si
"Assets/ARTS/SP_Arte/_FBX_Export/04_Personajes/SM_Chr_Equipo_Boina.fbx","Assets/ARTS/SP_Arte/_FBX_Export",43168,si
"Assets/ARTS/SP_Arte/_FBX_Export/04_Personajes/SM_Chr_Equipo_Casco.fbx","Assets/ARTS/SP_Arte/_FBX_Export",43424,si
"Assets/ARTS/SP_Arte/_FBX_Export/04_Personajes/SM_Chr_Equipo_GorraMedico.fbx","Assets/ARTS/SP_Arte/_FBX_Export",42752,si
"Assets/ARTS/SP_Arte/_FBX_Export/04_Personajes/SM_Chr_Equipo_Medico.fbx","Assets/ARTS/SP_Arte/_FBX_Export",43984,si
"Assets/ARTS/SP_Arte/_FBX_Export/04_Personajes/SM_Chr_Soldado_Comando.fbx","Assets/ARTS/SP_Arte/_FBX_Export",132336,si
"Assets/ARTS/SP_Arte/_FBX_Export/04_Personajes/SM_Chr_Soldado_Explorador.fbx","Assets/ARTS/SP_Arte/_FBX_Export",112688,si
"Assets/ARTS/SP_Arte/_FBX_Export/04_Personajes/SM_Chr_Soldado_Francotirador.fbx","Assets/ARTS/SP_Arte/_FBX_Export",122240,si
"Assets/ARTS/SP_Arte/_FBX_Export/04_Personajes/SM_Chr_Soldado_Fusilero.fbx","Assets/ARTS/SP_Arte/_FBX_Export",123120,si
"Assets/ARTS/SP_Arte/_FBX_Export/04_Personajes/SM_Chr_Soldado_Medico.fbx","Assets/ARTS/SP_Arte/_FBX_Export",119536,si
"Assets/ARTS/SP_Arte/_FBX_Export/05_Armas/SM_Wpn_AK.fbx","Assets/ARTS/SP_Arte/_FBX_Export",44432,si
"Assets/ARTS/SP_Arte/_FBX_Export/05_Armas/SM_Wpn_Cuchillo.fbx","Assets/ARTS/SP_Arte/_FBX_Export",43632,si
"Assets/ARTS/SP_Arte/_FBX_Export/05_Armas/SM_Wpn_CuchilloCinto.fbx","Assets/ARTS/SP_Arte/_FBX_Export",44656,si
"Assets/ARTS/SP_Arte/_FBX_Export/05_Armas/SM_Wpn_Escopeta.fbx","Assets/ARTS/SP_Arte/_FBX_Export",43568,si
"Assets/ARTS/SP_Arte/_FBX_Export/05_Armas/SM_Wpn_Fusil.fbx","Assets/ARTS/SP_Arte/_FBX_Export",42224,si
"Assets/ARTS/SP_Arte/_FBX_Export/05_Armas/SM_Wpn_Granada.fbx","Assets/ARTS/SP_Arte/_FBX_Export",44208,si
"Assets/ARTS/SP_Arte/_FBX_Export/05_Armas/SM_Wpn_GranadaCinto.fbx","Assets/ARTS/SP_Arte/_FBX_Export",44960,si
"Assets/ARTS/SP_Arte/_FBX_Export/05_Armas/SM_Wpn_Lanzacohetes.fbx","Assets/ARTS/SP_Arte/_FBX_Export",46496,si
"Assets/ARTS/SP_Arte/_FBX_Export/05_Armas/SM_Wpn_Lanzagranadas.fbx","Assets/ARTS/SP_Arte/_FBX_Export",44432,si
"Assets/ARTS/SP_Arte/_FBX_Export/05_Armas/SM_Wpn_LMG.fbx","Assets/ARTS/SP_Arte/_FBX_Export",43232,si
"Assets/ARTS/SP_Arte/_FBX_Export/05_Armas/SM_Wpn_Metralleta.fbx","Assets/ARTS/SP_Arte/_FBX_Export",43280,si
"Assets/ARTS/SP_Arte/_FBX_Export/05_Armas/SM_Wpn_Pistola.fbx","Assets/ARTS/SP_Arte/_FBX_Export",42576,si
"Assets/ARTS/SP_Arte/_FBX_Export/05_Armas/SM_Wpn_Revolver.fbx","Assets/ARTS/SP_Arte/_FBX_Export",43088,si
"Assets/ARTS/SP_Arte/_FBX_Export/05_Armas/SM_Wpn_Sniper.fbx","Assets/ARTS/SP_Arte/_FBX_Export",44144,si
"Assets/ARTS/SP_Arte/_FBX_Export/06_Nivel/SM_Nivel_Completo.fbx","Assets/ARTS/SP_Arte/_FBX_Export",8869872,si
"Assets/ARTS/SP_Arte/_FBX_Export/06_Nivel/SM_Nivel_RTS.fbx","Assets/ARTS/SP_Arte/_FBX_Export",2785472,si
"Assets/ARTS/SP_Arte/_FBX_Export/06_Nivel/SM_Nivel_RTS2.fbx","Assets/ARTS/SP_Arte/_FBX_Export",8525680,si
"Assets/ARTS/SP_Arte/_FBX_Export/07_Escenas_Maya/07_Escenas_Maya.rar","Assets/ARTS/SP_Arte/_FBX_Export",501306,no
"Assets/ARTS/SP_Arte/_FBX_Export/07_Escenas_Maya/MY_Ambiente.mb","Assets/ARTS/SP_Arte/_FBX_Export",656656,no
"Assets/ARTS/SP_Arte/_FBX_Export/07_Escenas_Maya/MY_Helicoptero.mb","Assets/ARTS/SP_Arte/_FBX_Export",82280,no
"Assets/ARTS/SP_Arte/_FBX_Export/07_Escenas_Maya/MY_Modulares.mb","Assets/ARTS/SP_Arte/_FBX_Export",933444,no
"Assets/ARTS/SP_Arte/_FBX_Export/07_Escenas_Maya/MY_Nivel.mb","Assets/ARTS/SP_Arte/_FBX_Export",11312696,no
"Assets/ARTS/SP_Arte/_FBX_Export/07_Escenas_Maya/MY_Nivel_RTS.mb","Assets/ARTS/SP_Arte/_FBX_Export",3863124,no
"Assets/ARTS/SP_Arte/_FBX_Export/07_Escenas_Maya/MY_Nivel_RTS2.mb","Assets/ARTS/SP_Arte/_FBX_Export",12230768,no
"Assets/ARTS/SP_Arte/_FBX_Export/07_Escenas_Maya/MY_Showcase.mb","Assets/ARTS/SP_Arte/_FBX_Export",61536,no
"Assets/ARTS/SP_Arte/_FBX_Export/07_Escenas_Maya/MY_Soldado.mb","Assets/ARTS/SP_Arte/_FBX_Export",1246148,no
"Assets/ARTS/SP_Arte/_FBX_Export/07_Escenas_Maya/MY_Vehiculos.mb","Assets/ARTS/SP_Arte/_FBX_Export",152644,no
"Assets/ARTS/SP_Arte/Arbol 1/Arbol 1.spp","Assets/ARTS/SP_Arte/Arbol 1",36581573,no
"Assets/ARTS/SP_Arte/Arbol 1/Arbol 1_standardSurface1_BaseMap.png","Assets/ARTS/SP_Arte/Arbol 1",21944,si
"Assets/ARTS/SP_Arte/Arbol 1/Arbol 1_standardSurface1_MaskMap.png","Assets/ARTS/SP_Arte/Arbol 1",21251,si
"Assets/ARTS/SP_Arte/Arbol 1/Arbol 1_standardSurface1_Normal.png","Assets/ARTS/SP_Arte/Arbol 1",16902,si
"Assets/ARTS/SP_Arte/Arbol 1/Captura de arbol.png","Assets/ARTS/SP_Arte/Arbol 1",409891,no
"Assets/ARTS/SP_Arte/Arbol 3/Arbol 3.spp","Assets/ARTS/SP_Arte/Arbol 3",13245584,no
"Assets/ARTS/SP_Arte/Arbol 3/Arbol 3_standardSurface1_BaseMap.png","Assets/ARTS/SP_Arte/Arbol 3",23827,si
"Assets/ARTS/SP_Arte/Arbol 3/Arbol 3_standardSurface1_MaskMap.png","Assets/ARTS/SP_Arte/Arbol 3",21251,si
"Assets/ARTS/SP_Arte/Arbol 3/Arbol 3_standardSurface1_Normal.png","Assets/ARTS/SP_Arte/Arbol 3",16902,si
"Assets/ARTS/SP_Arte/Arbol 3/Captura de arbol 3.png","Assets/ARTS/SP_Arte/Arbol 3",608916,no
"Assets/ARTS/SP_Arte/Barricada/Barricada.spp","Assets/ARTS/SP_Arte/Barricada",39854950,no
"Assets/ARTS/SP_Arte/Barricada/Barricada_standardSurface1_BaseMap.png","Assets/ARTS/SP_Arte/Barricada",266420,si
"Assets/ARTS/SP_Arte/Barricada/Barricada_standardSurface1_MaskMap.png","Assets/ARTS/SP_Arte/Barricada",244672,si
"Assets/ARTS/SP_Arte/Barricada/Barricada_standardSurface1_Normal.png","Assets/ARTS/SP_Arte/Barricada",158315,si
"Assets/ARTS/SP_Arte/Barricada/Captura de Barricada.png","Assets/ARTS/SP_Arte/Barricada",498968,no
"Assets/ARTS/SP_Arte/Barril/Barril 1_standardSurface1_BaseMap.png","Assets/ARTS/SP_Arte/Barril",36077,si
"Assets/ARTS/SP_Arte/Barril/Barril 1_standardSurface1_MaskMap.png","Assets/ARTS/SP_Arte/Barril",21251,si
"Assets/ARTS/SP_Arte/Barril/Barril 1_standardSurface1_Normal.png","Assets/ARTS/SP_Arte/Barril",16902,si
"Assets/ARTS/SP_Arte/Barril/Barril.spp","Assets/ARTS/SP_Arte/Barril",12937862,no
"Assets/ARTS/SP_Arte/Barril/Captura de barril.png","Assets/ARTS/SP_Arte/Barril",435435,no
"Assets/ARTS/SP_Arte/Captura de arbol 3.png","Assets/ARTS/SP_Arte",608916,no
"Assets/ARTS/SP_Arte/Captura de arbol.png","Assets/ARTS/SP_Arte",409891,no
"Assets/ARTS/SP_Arte/Captura de Barricada.png","Assets/ARTS/SP_Arte",498968,no
"Assets/ARTS/SP_Arte/Captura de barril.png","Assets/ARTS/SP_Arte",435435,no
"Assets/ARTS/SP_Arte/Captura de Soldado.png","Assets/ARTS/SP_Arte",710055,no
"Assets/ARTS/SP_Arte/IMPLEMENTACION_CLAUDE.md","Assets/ARTS/SP_Arte",9197,no
"Assets/ARTS/SP_Arte/M_Arbol 1.fbx","Assets/ARTS/SP_Arte",40512,si
"Assets/ARTS/SP_Arte/M_Arbol 2.fbx","Assets/ARTS/SP_Arte",31408,si
"Assets/ARTS/SP_Arte/M_Arbol 3.fbx","Assets/ARTS/SP_Arte",183712,si
"Assets/ARTS/SP_Arte/M_Barricada.fbx","Assets/ARTS/SP_Arte",220592,si
"Assets/ARTS/SP_Arte/M_Barril 1.fbx","Assets/ARTS/SP_Arte",41680,si
"Assets/ARTS/SP_Arte/M_Items_Francotirador.fbx","Assets/ARTS/SP_Arte",102288,no
"Assets/ARTS/SP_Arte/M_Items_Fusilero.fbx","Assets/ARTS/SP_Arte",94480,no
"Assets/ARTS/SP_Arte/M_Items_Medico.fbx","Assets/ARTS/SP_Arte",132016,no
"Assets/ARTS/SP_Arte/M_Soldado.fbx","Assets/ARTS/SP_Arte",34320,si
"Assets/ARTS/SP_Arte/MY_Ambiente.mb","Assets/ARTS/SP_Arte",656656,no
"Assets/ARTS/SP_Arte/MY_Helicoptero.mb","Assets/ARTS/SP_Arte",82280,no
"Assets/ARTS/SP_Arte/MY_Modulares.mb","Assets/ARTS/SP_Arte",933476,no
"Assets/ARTS/SP_Arte/MY_Nivel.mb","Assets/ARTS/SP_Arte",11312696,no
"Assets/ARTS/SP_Arte/MY_Nivel_RTS.mb","Assets/ARTS/SP_Arte",3863124,no
"Assets/ARTS/SP_Arte/MY_Nivel_RTS2.mb","Assets/ARTS/SP_Arte",12230736,no
"Assets/ARTS/SP_Arte/MY_Showcase.mb","Assets/ARTS/SP_Arte",61536,no
"Assets/ARTS/SP_Arte/MY_Soldado.mb","Assets/ARTS/SP_Arte",1246180,no
"Assets/ARTS/SP_Arte/MY_Vehiculos.mb","Assets/ARTS/SP_Arte",152644,no
"Assets/ARTS/SP_Arte/Soldado/Captura de Soldado.png","Assets/ARTS/SP_Arte/Soldado",710055,no
"Assets/ARTS/SP_Arte/Soldado/lego_Material_BaseMap.png","Assets/ARTS/SP_Arte/Soldado",537050,si
"Assets/ARTS/SP_Arte/Soldado/lego_Material_MaskMap.png","Assets/ARTS/SP_Arte/Soldado",756138,si
"Assets/ARTS/SP_Arte/Soldado/lego_Material_Normal.png","Assets/ARTS/SP_Arte/Soldado",212542,si
"Assets/ARTS/SP_Arte/Soldado/Soldado.spp","Assets/ARTS/SP_Arte/Soldado",21301781,no
"Assets/ARTS/SP_Arte/SP_Arte.rar","Assets/ARTS/SP_Arte",94252134,no
"Assets/ARTS/SP_Arte/Trimsheet.png","Assets/ARTS/SP_Arte",3795,no
"Assets/ARTS/SP_Arte/Trimsheet.psd","Assets/ARTS/SP_Arte",5664974,no
"Assets/ARTS/SP_Arte/Trimsheet_1024.png","Assets/ARTS/SP_Arte",5775,no
"Assets/ARTS/SP_Arte/Trimsheet_1024_GUIA.png","Assets/ARTS/SP_Arte",232999,no
"Assets/ARTS/SP_Arte/Trimsheet_1024_map.json","Assets/ARTS/SP_Arte",16502,no
"Assets/ARTS/SP_Arte/Trimsheet_Nuevo.png","Assets/ARTS/SP_Arte",5446,no
"Assets/ARTS/SP_Arte/WARZONE_INOFUENTES - Miro.url","Assets/ARTS/SP_Arte",93,no
"Assets/ARTS/SP_Arte/workspace.mel","Assets/ARTS/SP_Arte",1576,no
