sonido,duracion_s,pico_dBFS,rms_dBFS,recorte_pct,dc,clic_inicio,clic_final,centroide_Hz,avisos
Sfx_Shoot,0.59,-0.61,-26.071,0,-0.002,0,0,1293.22,
Sfx_Hit,0.118,-0.414,-19.484,0,0,0.01,0.017,289.348,
Sfx_Death,4.5,-3.102,-17.951,0,0,0.002,0.001,674,
Sfx_Order,0.539,-4.068,-17.967,0,0,0,0,2890.526,
Sfx_Swap,0.15,-6.039,-13.246,0,0,0,0.026,1196.667,
Sfx_EmptyClick,0.165,-0.393,-18.504,0,0,0.57,0.001,3858.826,CLIC_INICIO
Sfx_VehicleHit,0.359,-0.405,-22.928,0,0,0.014,0.008,797.441,
Sfx_CannonBody,0.55,-6.178,-15.52,0,0.003,0,0.055,54.545,
Sfx_CannonCrack,0.07,-6.119,-15.593,0,0.001,0,0.013,1692.857,
Sfx_TurretReloaded,0.09,-6.138,-15.774,0,0.002,0,0.045,477.778,
Sfx_Wounded,0.5,-1.347,-17.944,0,0,0,0.004,1810,
Sfx_Heartbeat,0.219,-6.373,-15.096,0,0.006,0,0.04,54.795,
Sfx_ImpactMetal,0.252,-0.373,-19.49,0,0,0.026,0.003,1487.074,
Sfx_ImpactDirt,0.14,-0.403,-20.015,0,0,0.036,0.014,356.277,
Sfx_ImpactStone,0.3,-1.938,-18.627,0,0,0,0.019,3528.333,
Sfx_BulletWhizz,0.2,-3.098,-13.627,0,0,0,0,2310,
Sfx_FootstepGrass,0.778,-0.374,-29.197,0,0,0.007,0.002,242.421,
Sfx_FootstepConcrete,0.114,-0.385,-20.658,0,0,0.003,0.011,104.938,
Sfx_UiHover,0.055,-2.918,-18.015,0,0,0.002,0.01,1961.419,
Sfx_UiClick,0.043,-1.486,-17.976,0,0,0.012,0,2587.323,
Sfx_OrderBark,0.819,-4.861,-19.984,0,0.001,0.001,0.001,1595.595,
Sfx_CameraSwoosh,0.32,-2.499,-15.507,0,0,0,0,5657.813,
Sfx_CoverTake,0.159,-6.043,-14.192,0,0,0,0.017,650.943,
Sfx_CoverLost,0.319,-6.032,-15.26,0,0,0,0.028,155.172,
Sfx_HoloOn,0.109,-6.151,-14.497,0,0,0,0.03,1206.422,
Sfx_SeatChange,0.129,-6.083,-13.851,0,0,0,0.139,562.016,
Sfx_BoardAll,0.28,-5.974,-14.045,0,0,0,0.007,598.214,
Sfx_ExitAll,0.28,-5.966,-14.042,0,0,0,0.007,600,
Sfx_FollowCall,0.2,-6.023,-14.066,0,0,0,0.003,547.5,
Sfx_Crouch,0.09,-6.166,-14.273,0,-0.001,0,0.001,300,
Sfx_WeaponSwitch,0.079,-6.307,-14.712,0,0,0,0.047,936.709,
Sfx_Reload,0.119,-6.105,-14.229,0,0,0,0.022,752.101,
Sfx_Select,0.07,-6.277,-14.597,0,0,0,0.001,942.857,
Sfx_EnemySpotted,0.219,-5.977,-13.85,0,0,0,0.024,1102.74,
Sfx_TankFire,0.5,-6.057,-15.389,0,0.001,0,0.065,92,
Sfx_TutKey,0.05,-6.322,-13.762,0,0,0,0.006,1490,
Sfx_TutSub,0.27,-8.303,-20.824,0,0,0,0.003,877.778,
Sfx_TutStep,0.439,-8.126,-20.25,0,0,0,0,687.927,
Sfx_TutVictory,1.279,-7.823,-19.515,0,0,0,0,935.887,
Sfx_Explosion,1.98,-0.76,-14.667,0,0,0.002,0.002,200.996,
Sfx_GrenadePin,0.34,-1.412,-18.212,0,0,0.003,0,2967.647,
Sfx_GrenadeThrow,0.4,-2.499,-15.247,0,0,0,0,4895,
Sfx_GrenadeBounce,0.252,-0.898,-20.063,0,0,0.02,0.003,1510.899,
Sfx_KnifeSwing,0.259,-3.098,-14.004,0,0,0,0,8189.189,
Sfx_KnifeHit,0.34,-0.915,-20.641,0,0,0,0,3094.118,
Sfx_Jump,0.219,-5.193,-17.088,0,0,0,0,4283.105,
Sfx_Land,0.3,-1.938,-18.873,0,0.001,0,0,503.333,
Sfx_RadialOpen,0.219,-4.437,-13.499,0,0,0,0,1118.721,
Sfx_RadialTick,0.039,-5.193,-15.993,0,0,0,0,1564.103,
Sfx_RadialConfirm,0.3,-3.098,-14.143,0,0,0,0,1053.333,
Sfx_RadialCancel,0.18,-5.193,-15.196,0,0,0,0,416.667,
Sfx_HealStart,0.5,-4.437,-15.534,0,0,0,0,556,
Sfx_HealDone,0.699,-4.437,-18.439,0,0,0,0,1247.496,
Sfx_Revive,0.949,-3.098,-16.021,0,0.001,0,0,1861.433,
Sfx_BombPlant,0.449,-4.437,-15.402,0,0,0,0,841.871,
Sfx_BombTick,0.09,-6.021,-15.706,0,0,0,0,1166.667,
Disparo_Rifle,0.59,-0.61,-26.071,0,-0.002,0,0,1293.22,
Recarga_Rifle,1.5,-1.938,-27.696,0,0,0.001,0,1881.333,
Desenfundar_Rifle,0.4,-3.098,-26.548,0,0,0,0,2570,
Seco_Rifle,0.119,-2.499,-22.97,0,0,0.001,0,1386.555,
Disparo_Pistol,0.59,-1.154,-25.525,0,0,0,0,1372.881,
Recarga_Pistol,1,-1.938,-25.473,0,0,0.005,0,2689,
Desenfundar_Pistol,0.4,-3.098,-26.983,0,0,0,0,2732.5,
Seco_Pistol,0.119,-2.499,-23.44,0,0,0.004,0,1861.344,
Disparo_Heavy,0.59,-0.392,-24.258,0,-0.003,0,0,1047.458,
Recarga_Heavy,2.2,-1.412,-25.645,0,0,0,0,1102.273,
Desenfundar_Heavy,0.4,-3.098,-19.833,0,0.002,0,0,2882.5,
Seco_Heavy,0.119,-2.499,-22.324,0,0,0.002,0,974.79,
Disparo_Smg,0.59,-0.901,-27.593,0,0,0,0,1893.22,
Recarga_Smg,1.6,-1.938,-28.058,0,0,0.003,0,1308.438,
Desenfundar_Smg,0.4,-3.098,-27.165,0,0,0,0,2702.5,
Seco_Smg,0.119,-2.499,-21.591,0,0,0.004,0,1869.748,
Disparo_Rocket,1.899,-0.446,-20.673,0,0,0,0,5117.957,
Recarga_Rocket,2.799,-1.412,-25.036,0,0.001,0,0,1749.553,
Desenfundar_Rocket,0.4,-3.098,-21.71,0,0.002,0,0,2317.5,
Seco_Rocket,0.119,-2.499,-22.263,0,0,0.002,0,983.193,
Disparo_Shotgun,0.59,-0.657,-18.588,0,0.001,0,0,1466.102,
Recarga_Shotgun,2.4,-1.412,-29.016,0,0,0,0,1149.167,
Desenfundar_Shotgun,0.4,-3.098,-25.795,0,0,0,0,2615,
Seco_Shotgun,0.119,-2.499,-21.363,0,0,0.004,0,1399.16,
Disparo_Sniper,0.59,-0.68,-21.712,0,-0.001,0,0,361.017,
Recarga_Sniper,2.4,-1.412,-27.407,0,0,0,0,1405.417,
Desenfundar_Sniper,0.4,-3.098,-27.286,0,0,0,0,2522.5,
Seco_Sniper,0.119,-2.499,-22.439,0,0,0.003,0,1352.941,
